timestamp,service_type,worker_id,model,AudioDurationSeconds,ChunkAudioSeconds,ChunkCount,ChunkProcessingSeconds,DownloadSeconds,GPUMemoryUsedMB,GPUMemoryUtilizationPercent,GPUPeakMemoryGB,GPUUtilizationPercent,PrepSeconds,RealTimeFactor,RequestRealTimeFactor,RequestTotalSeconds,ThroughputAudioPerSecond,TranscribeSeconds,chunk_index,full_model_name,input_key,total_chunks
2025-12-17 22:10:30.903,chunked,9,nvidia/parakeet-ctc-0.6b,,30,,0.059,,4693.0,0.0,,0.0,,0.002,,,,,0,,input/4m36s.wav,10
2025-12-17 22:10:31.252,chunked,9,nvidia/parakeet-ctc-0.6b,,30,,0.069,,4693.0,4.0,,8.0,,0.002,,,,,1,,input/4m36s.wav,10
2025-12-17 22:10:31.345,chunked,7,nvidia/parakeet-ctc-0.6b,,30,,0.058,,4741.0,4.0,,8.0,,0.002,,,,,0,,input/4m36s.wav,10
2025-12-17 22:10:31.593,chunked,9,nvidia/parakeet-ctc-0.6b,,30,,0.067,,4741.0,6.0,,12.0,,0.002,,,,,2,,input/4m36s.wav,10
2025-12-17 22:10:31.678,chunked,7,nvidia/parakeet-ctc-0.6b,,30,,0.063,,4741.0,5.0,,11.0,,0.002,,,,,1,,input/4m36s.wav,10
2025-12-17 22:10:31.925,chunked,9,nvidia/parakeet-ctc-0.6b,,30,,0.06,,4741.0,5.0,,10.0,,0.002,,,,,3,,input/4m36s.wav,10
2025-12-17 22:10:32.015,chunked,7,nvidia/parakeet-ctc-0.6b,,30,,0.062,,4741.0,10.0,,21.0,,0.002,,,,,2,,input/4m36s.wav,10
2025-12-17 22:10:32.283,chunked,9,nvidia/parakeet-ctc-0.6b,,30,,0.066,,4741.0,0.0,,1.0,,0.002,,,,,4,,input/4m36s.wav,10
2025-12-17 22:10:32.284,chunked,0,nvidia/parakeet-ctc-0.6b,,30,,0.067,,4743.0,0.0,,1.0,,0.002,,,,,0,,input/4m36s.wav,10
2025-12-17 22:10:32.362,chunked,7,nvidia/parakeet-ctc-0.6b,,30,,0.074,,4789.0,0.0,,1.0,,0.002,,,,,3,,input/4m36s.wav,10
2025-12-17 22:10:32.625,chunked,9,nvidia/parakeet-ctc-0.6b,,30,,0.063,,4789.0,10.0,,23.0,,0.002,,,,,5,,input/4m36s.wav,10
2025-12-17 22:10:32.625,chunked,0,nvidia/parakeet-ctc-0.6b,,30,,0.064,,4769.0,10.0,,23.0,,0.002,,,,,1,,input/4m36s.wav,10
2025-12-17 22:10:32.712,chunked,7,nvidia/parakeet-ctc-0.6b,,30,,0.062,,4789.0,10.0,,23.0,,0.002,,,,,4,,input/4m36s.wav,10
2025-12-17 22:10:32.972,chunked,0,nvidia/parakeet-ctc-0.6b,,30,,0.065,,4749.0,5.0,,11.0,,0.002,,,,,2,,input/4m36s.wav,10
2025-12-17 22:10:32.974,chunked,9,nvidia/parakeet-ctc-0.6b,,30,,0.071,,4747.0,5.0,,11.0,,0.002,,,,,6,,input/4m36s.wav,10
2025-12-17 22:10:33.059,chunked,7,nvidia/parakeet-ctc-0.6b,,30,,0.064,,4789.0,12.0,,28.0,,0.002,,,,,5,,input/4m36s.wav,10
2025-12-17 22:10:33.313,chunked,9,nvidia/parakeet-ctc-0.6b,,30,,0.065,,4769.0,3.0,,6.0,,0.002,,,,,7,,input/4m36s.wav,10
2025-12-17 22:10:33.313,chunked,0,nvidia/parakeet-ctc-0.6b,,30,,0.064,,4789.0,3.0,,6.0,,0.002,,,,,3,,input/4m36s.wav,10
2025-12-17 22:10:33.400,chunked,7,nvidia/parakeet-ctc-0.6b,,30,,0.063,,4789.0,3.0,,6.0,,0.002,,,,,6,,input/4m36s.wav,10
2025-12-17 22:10:33.652,chunked,0,nvidia/parakeet-ctc-0.6b,,30,,0.063,,4789.0,5.0,,12.0,,0.002,,,,,4,,input/4m36s.wav,10
2025-12-17 22:10:33.653,chunked,9,nvidia/parakeet-ctc-0.6b,,30,,0.063,,4789.0,5.0,,12.0,,0.002,,,,,8,,input/4m36s.wav,10
2025-12-17 22:10:33.739,chunked,7,nvidia/parakeet-ctc-0.6b,,30,,0.063,,4789.0,5.0,,12.0,,0.002,,,,,7,,input/4m36s.wav,10
2025-12-17 22:10:33.993,chunked,9,nvidia/parakeet-ctc-0.6b,,6.201,,0.062,,4723.0,10.0,,21.0,,0.01,,,,,9,,input/4m36s.wav,10
2025-12-17 22:10:33.993,chunked,0,nvidia/parakeet-ctc-0.6b,,30,,0.06,,4743.0,10.0,,21.0,,0.002,,,,,5,,input/4m36s.wav,10
2025-12-17 22:10:33.994,chunked,9,parakeet-ctc-0.6b,276.2,,10,,0.45,,,1.29,,1.16,,0.018,5.05,54.69,3.44,,nvidia/parakeet-ctc-0.6b,input/4m36s.wav,
2025-12-17 22:10:34.095,chunked,7,nvidia/parakeet-ctc-0.6b,,30,,0.081,,4743.0,7.0,,21.0,,0.003,,,,,8,,input/4m36s.wav,10
2025-12-17 22:10:34.345,chunked,0,nvidia/parakeet-ctc-0.6b,,30,,0.06,,4741.0,5.0,,10.0,,0.002,,,,,6,,input/4m36s.wav,10
2025-12-17 22:10:34.432,chunked,7,nvidia/parakeet-ctc-0.6b,,6.201,,0.063,,4695.0,7.0,,16.0,,0.01,,,,,9,,input/4m36s.wav,10
2025-12-17 22:10:34.432,chunked,7,parakeet-ctc-0.6b,276.2,,10,,0.26,,,1.29,,1.17,,0.018,4.85,56.96,3.42,,nvidia/parakeet-ctc-0.6b,input/4m36s.wav,
2025-12-17 22:10:34.680,chunked,0,nvidia/parakeet-ctc-0.6b,,30,,0.061,,4695.0,0.0,,1.0,,0.002,,,,,7,,input/4m36s.wav,10
2025-12-17 22:10:35.031,chunked,0,nvidia/parakeet-ctc-0.6b,,30,,0.062,,4693.0,5.0,,11.0,,0.002,,,,,8,,input/4m36s.wav,10
2025-12-17 22:10:35.351,chunked,0,nvidia/parakeet-ctc-0.6b,,6.201,,0.054,,4647.0,0.0,,0.0,,0.009,,,,,9,,input/4m36s.wav,10
2025-12-17 22:10:35.352,chunked,0,parakeet-ctc-0.6b,276.2,,10,,0.31,,,1.29,,1.22,,0.018,4.95,55.75,3.42,,nvidia/parakeet-ctc-0.6b,input/4m36s.wav,
2025-12-17 22:10:35.951,chunked,9,nvidia/parakeet-ctc-0.6b,,30,,0.06,,4693.0,0.0,,0.0,,0.002,,,,,0,,input/4m36s.wav,10
2025-12-17 22:10:36.296,chunked,9,nvidia/parakeet-ctc-0.6b,,30,,0.06,,4693.0,0.0,,0.0,,0.002,,,,,1,,input/4m36s.wav,10
2025-12-17 22:10:36.381,chunked,7,nvidia/parakeet-ctc-0.6b,,30,,0.062,,4741.0,0.0,,0.0,,0.002,,,,,0,,input/4m36s.wav,10
2025-12-17 22:10:36.632,chunked,9,nvidia/parakeet-ctc-0.6b,,30,,0.06,,4741.0,5.0,,10.0,,0.002,,,,,2,,input/4m36s.wav,10
2025-12-17 22:10:36.720,chunked,7,nvidia/parakeet-ctc-0.6b,,30,,0.065,,4741.0,5.0,,10.0,,0.002,,,,,1,,input/4m36s.wav,10
2025-12-17 22:10:36.971,chunked,9,nvidia/parakeet-ctc-0.6b,,30,,0.06,,4741.0,5.0,,11.0,,0.002,,,,,3,,input/4m36s.wav,10
2025-12-17 22:10:37.054,chunked,7,nvidia/parakeet-ctc-0.6b,,30,,0.061,,4741.0,7.0,,15.0,,0.002,,,,,2,,input/4m36s.wav,10
2025-12-17 22:10:37.320,chunked,9,nvidia/parakeet-ctc-0.6b,,30,,0.06,,4741.0,3.0,,6.0,,0.002,,,,,4,,input/4m36s.wav,10
2025-12-17 22:10:37.371,chunked,0,nvidia/parakeet-ctc-0.6b,,30,,0.067,,4789.0,3.0,,6.0,,0.002,,,,,0,,input/4m36s.wav,10
2025-12-17 22:10:37.391,chunked,7,nvidia/parakeet-ctc-0.6b,,30,,0.06,,4789.0,3.0,,6.0,,0.002,,,,,3,,input/4m36s.wav,10
2025-12-17 22:10:37.671,chunked,9,nvidia/parakeet-ctc-0.6b,,30,,0.06,,4787.0,1.0,,3.0,,0.002,,,,,5,,input/4m36s.wav,10
2025-12-17 22:10:37.711,chunked,0,nvidia/parakeet-ctc-0.6b,,30,,0.067,,4789.0,1.0,,3.0,,0.002,,,,,1,,input/4m36s.wav,10
2025-12-17 22:10:37.735,chunked,7,nvidia/parakeet-ctc-0.6b,,30,,0.072,,4789.0,1.0,,3.0,,0.002,,,,,4,,input/4m36s.wav,10
2025-12-17 22:10:38.014,chunked,9,nvidia/parakeet-ctc-0.6b,,30,,0.062,,4741.0,8.0,,19.0,,0.002,,,,,6,,input/4m36s.wav,10
2025-12-17 22:10:38.051,chunked,0,nvidia/parakeet-ctc-0.6b,,30,,0.06,,4789.0,8.0,,19.0,,0.002,,,,,2,,input/4m36s.wav,10
2025-12-17 22:10:38.080,chunked,7,nvidia/parakeet-ctc-0.6b,,30,,0.071,,4789.0,8.0,,19.0,,0.002,,,,,5,,input/4m36s.wav,10
2025-12-17 22:10:38.351,chunked,9,nvidia/parakeet-ctc-0.6b,,30,,0.06,,4789.0,7.0,,14.0,,0.002,,,,,7,,input/4m36s.wav,10
2025-12-17 22:10:38.410,chunked,0,nvidia/parakeet-ctc-0.6b,,30,,0.062,,4789.0,14.0,,31.0,,0.002,,,,,3,,input/4m36s.wav,10
2025-12-17 22:10:38.435,chunked,7,nvidia/parakeet-ctc-0.6b,,30,,0.062,,4789.0,14.0,,31.0,,0.002,,,,,6,,input/4m36s.wav,10
2025-12-17 22:10:38.685,chunked,9,nvidia/parakeet-ctc-0.6b,,30,,0.06,,4787.0,1.0,,1.0,,0.002,,,,,8,,input/4m36s.wav,10
2025-12-17 22:10:38.753,chunked,0,nvidia/parakeet-ctc-0.6b,,30,,0.07,,4789.0,1.0,,1.0,,0.002,,,,,4,,input/4m36s.wav,10
2025-12-17 22:10:38.771,chunked,7,nvidia/parakeet-ctc-0.6b,,30,,0.061,,4789.0,1.0,,1.0,,0.002,,,,,7,,input/4m36s.wav,10
2025-12-17 22:10:39.022,chunked,9,nvidia/parakeet-ctc-0.6b,,6.201,,0.058,,4695.0,2.0,,5.0,,0.009,,,,,9,,input/4m36s.wav,10
2025-12-17 22:10:39.023,chunked,9,parakeet-ctc-0.6b,276.2,,10,,0.1,,,1.29,,1.19,,0.017,4.7,58.79,3.4,,nvidia/parakeet-ctc-0.6b,input/4m36s.wav,
2025-12-17 22:10:39.096,chunked,0,nvidia/parakeet-ctc-0.6b,,30,,0.068,,4743.0,2.0,,5.0,,0.002,,,,,5,,input/4m36s.wav,10
2025-12-17 22:10:39.110,chunked,7,nvidia/parakeet-ctc-0.6b,,30,,0.06,,4743.0,2.0,,5.0,,0.002,,,,,8,,input/4m36s.wav,10
2025-12-17 22:10:39.441,chunked,0,nvidia/parakeet-ctc-0.6b,,30,,0.067,,4695.0,5.0,,15.0,,0.002,,,,,6,,input/4m36s.wav,10
2025-12-17 22:10:39.457,chunked,7,nvidia/parakeet-ctc-0.6b,,6.201,,0.071,,4695.0,5.0,,15.0,,0.011,,,,,9,,input/4m36s.wav,10
2025-12-17 22:10:39.457,chunked,7,parakeet-ctc-0.6b,276.2,,10,,0.11,,,1.29,,1.18,,0.017,4.7,58.79,3.41,,nvidia/parakeet-ctc-0.6b,input/4m36s.wav,
2025-12-17 22:10:39.790,chunked,0,nvidia/parakeet-ctc-0.6b,,30,,0.063,,4695.0,2.0,,7.0,,0.002,,,,,7,,input/4m36s.wav,10
2025-12-17 22:10:40.132,chunked,0,nvidia/parakeet-ctc-0.6b,,30,,0.058,,4693.0,0.0,,0.0,,0.002,,,,,8,,input/4m36s.wav,10
2025-12-17 22:10:40.469,chunked,0,nvidia/parakeet-ctc-0.6b,,6.201,,0.066,,4647.0,0.0,,2.0,,0.011,,,,,9,,input/4m36s.wav,10
2025-12-17 22:10:40.470,chunked,0,parakeet-ctc-0.6b,276.2,,10,,0.14,,,1.29,,1.22,,0.017,4.8,57.6,3.44,,nvidia/parakeet-ctc-0.6b,input/4m36s.wav,
2025-12-17 22:10:41.078,chunked,9,nvidia/parakeet-ctc-0.6b,,30,,0.059,,4693.0,0.0,,0.0,,0.002,,,,,0,,input/4m36s.wav,10
2025-12-17 22:10:41.410,chunked,9,nvidia/parakeet-ctc-0.6b,,30,,0.06,,4693.0,5.0,,11.0,,0.002,,,,,1,,input/4m36s.wav,10
2025-12-17 22:10:41.518,chunked,7,nvidia/parakeet-ctc-0.6b,,30,,0.082,,4741.0,5.0,,11.0,,0.003,,,,,0,,input/4m36s.wav,10
2025-12-17 22:10:41.749,chunked,9,nvidia/parakeet-ctc-0.6b,,30,,0.062,,4741.0,5.0,,10.0,,0.002,,,,,2,,input/4m36s.wav,10
2025-12-17 22:10:41.852,chunked,7,nvidia/parakeet-ctc-0.6b,,30,,0.06,,4741.0,7.0,,15.0,,0.002,,,,,1,,input/4m36s.wav,10
2025-12-17 22:10:42.081,chunked,9,nvidia/parakeet-ctc-0.6b,,30,,0.061,,4741.0,3.0,,7.0,,0.002,,,,,3,,input/4m36s.wav,10
2025-12-17 22:10:42.190,chunked,7,nvidia/parakeet-ctc-0.6b,,30,,0.06,,4741.0,3.0,,7.0,,0.002,,,,,2,,input/4m36s.wav,10
2025-12-17 22:10:42.430,chunked,9,nvidia/parakeet-ctc-0.6b,,30,,0.063,,4789.0,5.0,,11.0,,0.002,,,,,4,,input/4m36s.wav,10
2025-12-17 22:10:42.484,chunked,0,nvidia/parakeet-ctc-0.6b,,30,,0.06,,4789.0,5.0,,11.0,,0.002,,,,,0,,input/4m36s.wav,10
2025-12-17 22:10:42.530,chunked,7,nvidia/parakeet-ctc-0.6b,,30,,0.064,,4789.0,5.0,,11.0,,0.002,,,,,3,,input/4m36s.wav,10
2025-12-17 22:10:42.776,chunked,9,nvidia/parakeet-ctc-0.6b,,30,,0.063,,4789.0,10.0,,20.0,,0.002,,,,,5,,input/4m36s.wav,10
2025-12-17 22:10:42.824,chunked,0,nvidia/parakeet-ctc-0.6b,,30,,0.061,,4789.0,10.0,,22.0,,0.002,,,,,1,,input/4m36s.wav,10
2025-12-17 22:10:42.870,chunked,7,nvidia/parakeet-ctc-0.6b,,30,,0.066,,4789.0,10.0,,22.0,,0.002,,,,,4,,input/4m36s.wav,10
2025-12-17 22:10:43.130,chunked,9,nvidia/parakeet-ctc-0.6b,,30,,0.065,,4789.0,4.0,,9.0,,0.002,,,,,6,,input/4m36s.wav,10
2025-12-17 22:10:43.160,chunked,0,nvidia/parakeet-ctc-0.6b,,30,,0.06,,4789.0,4.0,,9.0,,0.002,,,,,2,,input/4m36s.wav,10
2025-12-17 22:10:43.214,chunked,7,nvidia/parakeet-ctc-0.6b,,30,,0.062,,4789.0,14.0,,32.0,,0.002,,,,,5,,input/4m36s.wav,10
2025-12-17 22:10:43.478,chunked,9,nvidia/parakeet-ctc-0.6b,,30,,0.063,,4741.0,0.0,,1.0,,0.002,,,,,7,,input/4m36s.wav,10
2025-12-17 22:10:43.497,chunked,0,nvidia/parakeet-ctc-0.6b,,30,,0.058,,4789.0,0.0,,1.0,,0.002,,,,,3,,input/4m36s.wav,10
2025-12-17 22:10:43.552,chunked,7,nvidia/parakeet-ctc-0.6b,,30,,0.064,,4789.0,0.0,,1.0,,0.002,,,,,6,,input/4m36s.wav,10
2025-12-17 22:10:43.818,chunked,9,nvidia/parakeet-ctc-0.6b,,30,,0.064,,4741.0,10.0,,22.0,,0.002,,,,,8,,input/4m36s.wav,10
2025-12-17 22:10:43.835,chunked,0,nvidia/parakeet-ctc-0.6b,,30,,0.06,,4789.0,10.0,,22.0,,0.002,,,,,4,,input/4m36s.wav,10
2025-12-17 22:10:43.893,chunked,7,nvidia/parakeet-ctc-0.6b,,30,,0.066,,4789.0,10.0,,22.0,,0.002,,,,,7,,input/4m36s.wav,10
2025-12-17 22:10:44.150,chunked,9,nvidia/parakeet-ctc-0.6b,,6.201,,0.057,,4743.0,5.0,,11.0,,0.009,,,,,9,,input/4m36s.wav,10
2025-12-17 22:10:44.150,chunked,9,parakeet-ctc-0.6b,276.2,,10,,0.1,,,1.29,,1.28,,0.017,4.79,57.71,3.41,,nvidia/parakeet-ctc-0.6b,input/4m36s.wav,
2025-12-17 22:10:44.172,chunked,0,nvidia/parakeet-ctc-0.6b,,30,,0.061,,4695.0,5.0,,11.0,,0.002,,,,,5,,input/4m36s.wav,10
2025-12-17 22:10:44.239,chunked,7,nvidia/parakeet-ctc-0.6b,,30,,0.068,,4743.0,11.0,,26.0,,0.002,,,,,8,,input/4m36s.wav,10
2025-12-17 22:10:44.515,chunked,0,nvidia/parakeet-ctc-0.6b,,30,,0.06,,4693.0,1.0,,3.0,,0.002,,,,,6,,input/4m36s.wav,10
2025-12-17 22:10:44.590,chunked,7,nvidia/parakeet-ctc-0.6b,,6.201,,0.068,,4695.0,1.0,,3.0,,0.011,,,,,9,,input/4m36s.wav,10
2025-12-17 22:10:44.590,chunked,7,parakeet-ctc-0.6b,276.2,,10,,0.11,,,1.29,,1.22,,0.017,4.76,58.03,3.44,,nvidia/parakeet-ctc-0.6b,input/4m36s.wav,
2025-12-17 22:10:44.884,chunked,0,nvidia/parakeet-ctc-0.6b,,30,,0.064,,4695.0,0.0,,1.0,,0.002,,,,,7,,input/4m36s.wav,10
2025-12-17 22:10:45.223,chunked,0,nvidia/parakeet-ctc-0.6b,,30,,0.057,,4693.0,5.0,,11.0,,0.002,,,,,8,,input/4m36s.wav,10
2025-12-17 22:10:45.557,chunked,0,nvidia/parakeet-ctc-0.6b,,6.201,,0.056,,4647.0,0.0,,0.0,,0.009,,,,,9,,input/4m36s.wav,10
2025-12-17 22:10:45.557,chunked,0,parakeet-ctc-0.6b,276.2,,10,,0.13,,,1.29,,1.23,,0.017,4.77,57.92,3.42,,nvidia/parakeet-ctc-0.6b,input/4m36s.wav,
2025-12-17 22:10:46.179,chunked,9,nvidia/parakeet-ctc-0.6b,,30,,0.057,,4693.0,0.0,,0.0,,0.002,,,,,0,,input/4m36s.wav,10
2025-12-17 22:10:46.522,chunked,9,nvidia/parakeet-ctc-0.6b,,30,,0.058,,4741.0,0.0,,0.0,,0.002,,,,,1,,input/4m36s.wav,10
2025-12-17 22:10:46.568,chunked,7,nvidia/parakeet-ctc-0.6b,,30,,0.06,,4741.0,0.0,,0.0,,0.002,,,,,0,,input/4m36s.wav,10
2025-12-17 22:10:46.855,chunked,9,nvidia/parakeet-ctc-0.6b,,30,,0.06,,4741.0,1.0,,3.0,,0.002,,,,,2,,input/4m36s.wav,10
2025-12-17 22:10:46.896,chunked,7,nvidia/parakeet-ctc-0.6b,,30,,0.057,,4741.0,1.0,,3.0,,0.002,,,,,1,,input/4m36s.wav,10
2025-12-17 22:10:47.210,chunked,9,nvidia/parakeet-ctc-0.6b,,30,,0.059,,4741.0,10.0,,22.0,,0.002,,,,,3,,input/4m36s.wav,10
2025-12-17 22:10:47.228,chunked,7,nvidia/parakeet-ctc-0.6b,,30,,0.058,,4741.0,10.0,,22.0,,0.002,,,,,2,,input/4m36s.wav,10
2025-12-17 22:10:47.556,chunked,9,nvidia/parakeet-ctc-0.6b,,30,,0.069,,4789.0,0.0,,0.0,,0.002,,,,,4,,input/4m36s.wav,10
2025-12-17 22:10:47.577,chunked,7,nvidia/parakeet-ctc-0.6b,,30,,0.073,,4789.0,0.0,,0.0,,0.002,,,,,3,,input/4m36s.wav,10
2025-12-17 22:10:47.579,chunked,0,nvidia/parakeet-ctc-0.6b,,30,,0.072,,4789.0,0.0,,0.0,,0.002,,,,,0,,input/4m36s.wav,10
2025-12-17 22:10:47.896,chunked,9,nvidia/parakeet-ctc-0.6b,,30,,0.063,,4789.0,0.0,,0.0,,0.002,,,,,5,,input/4m36s.wav,10
2025-12-17 22:10:47.919,chunked,7,nvidia/parakeet-ctc-0.6b,,30,,0.064,,4789.0,0.0,,0.0,,0.002,,,,,4,,input/4m36s.wav,10
2025-12-17 22:10:47.920,chunked,0,nvidia/parakeet-ctc-0.6b,,30,,0.071,,4789.0,0.0,,0.0,,0.002,,,,,1,,input/4m36s.wav,10
2025-12-17 22:10:48.232,chunked,9,nvidia/parakeet-ctc-0.6b,,30,,0.06,,4789.0,6.0,,14.0,,0.002,,,,,6,,input/4m36s.wav,10
2025-12-17 22:10:48.267,chunked,0,nvidia/parakeet-ctc-0.6b,,30,,0.069,,4789.0,6.0,,14.0,,0.002,,,,,2,,input/4m36s.wav,10
2025-12-17 22:10:48.269,chunked,7,nvidia/parakeet-ctc-0.6b,,30,,0.067,,4789.0,6.0,,14.0,,0.002,,,,,5,,input/4m36s.wav,10
2025-12-17 22:10:48.571,chunked,9,nvidia/parakeet-ctc-0.6b,,30,,0.06,,4789.0,9.0,,19.0,,0.002,,,,,7,,input/4m36s.wav,10
2025-12-17 22:10:48.632,chunked,0,nvidia/parakeet-ctc-0.6b,,30,,0.064,,4789.0,15.0,,33.0,,0.002,,,,,3,,input/4m36s.wav,10
2025-12-17 22:10:48.648,chunked,7,nvidia/parakeet-ctc-0.6b,,30,,0.068,,4789.0,15.0,,33.0,,0.002,,,,,6,,input/4m36s.wav,10
2025-12-17 22:10:48.911,chunked,9,nvidia/parakeet-ctc-0.6b,,30,,0.061,,4739.0,0.0,,0.0,,0.002,,,,,8,,input/4m36s.wav,10
2025-12-17 22:10:48.981,chunked,7,nvidia/parakeet-ctc-0.6b,,30,,0.06,,4789.0,0.0,,0.0,,0.002,,,,,7,,input/4m36s.wav,10
2025-12-17 22:10:48.983,chunked,0,nvidia/parakeet-ctc-0.6b,,30,,0.075,,4789.0,0.0,,0.0,,0.003,,,,,4,,input/4m36s.wav,10
2025-12-17 22:10:49.253,chunked,9,nvidia/parakeet-ctc-0.6b,,6.201,,0.055,,4647.0,1.0,,2.0,,0.009,,,,,9,,input/4m36s.wav,10
2025-12-17 22:10:49.254,chunked,9,parakeet-ctc-0.6b,276.2,,10,,0.11,,,1.29,,1.24,,0.017,4.76,58.04,3.42,,nvidia/parakeet-ctc-0.6b,input/4m36s.wav,
2025-12-17 22:10:49.328,chunked,7,nvidia/parakeet-ctc-0.6b,,30,,0.067,,4743.0,1.0,,2.0,,0.002,,,,,8,,input/4m36s.wav,10
2025-12-17 22:10:49.328,chunked,0,nvidia/parakeet-ctc-0.6b,,30,,0.076,,4743.0,1.0,,2.0,,0.003,,,,,5,,input/4m36s.wav,10
2025-12-17 22:10:49.676,chunked,0,nvidia/parakeet-ctc-0.6b,,30,,0.075,,4695.0,1.0,,2.0,,0.002,,,,,6,,input/4m36s.wav,10
2025-12-17 22:10:49.677,chunked,7,nvidia/parakeet-ctc-0.6b,,6.201,,0.07,,4695.0,1.0,,2.0,,0.011,,,,,9,,input/4m36s.wav,10
2025-12-17 22:10:49.678,chunked,7,parakeet-ctc-0.6b,276.2,,10,,0.11,,,1.29,,1.2,,0.017,4.75,58.1,3.45,,nvidia/parakeet-ctc-0.6b,input/4m36s.wav,
2025-12-17 22:10:50.027,chunked,0,nvidia/parakeet-ctc-0.6b,,30,,0.065,,4693.0,5.0,,11.0,,0.002,,,,,7,,input/4m36s.wav,10
2025-12-17 22:10:50.366,chunked,0,nvidia/parakeet-ctc-0.6b,,30,,0.063,,4693.0,0.0,,0.0,,0.002,,,,,8,,input/4m36s.wav,10
2025-12-17 22:10:50.687,chunked,0,nvidia/parakeet-ctc-0.6b,,6.201,,0.054,,4647.0,0.0,,0.0,,0.009,,,,,9,,input/4m36s.wav,10
2025-12-17 22:10:50.688,chunked,0,parakeet-ctc-0.6b,276.2,,10,,0.11,,,1.29,,1.23,,0.017,4.8,57.58,3.46,,nvidia/parakeet-ctc-0.6b,input/4m36s.wav,
2025-12-17 22:10:51.232,chunked,9,nvidia/parakeet-ctc-0.6b,,30,,0.058,,4693.0,4.0,,8.0,,0.002,,,,,0,,input/4m36s.wav,10
2025-12-17 22:10:51.582,chunked,9,nvidia/parakeet-ctc-0.6b,,30,,0.06,,4741.0,1.0,,2.0,,0.002,,,,,1,,input/4m36s.wav,10
2025-12-17 22:10:51.620,chunked,7,nvidia/parakeet-ctc-0.6b,,30,,0.064,,4741.0,10.0,,21.0,,0.002,,,,,0,,input/4m36s.wav,10
2025-12-17 22:10:51.915,chunked,9,nvidia/parakeet-ctc-0.6b,,30,,0.06,,4741.0,0.0,,0.0,,0.002,,,,,2,,input/4m36s.wav,10
2025-12-17 22:10:51.960,chunked,7,nvidia/parakeet-ctc-0.6b,,30,,0.071,,4741.0,0.0,,0.0,,0.002,,,,,1,,input/4m36s.wav,10
2025-12-17 22:10:52.252,chunked,9,nvidia/parakeet-ctc-0.6b,,30,,0.06,,4741.0,3.0,,6.0,,0.002,,,,,3,,input/4m36s.wav,10
2025-12-17 22:10:52.298,chunked,7,nvidia/parakeet-ctc-0.6b,,30,,0.063,,4741.0,3.0,,6.0,,0.002,,,,,2,,input/4m36s.wav,10
2025-12-17 22:10:52.593,chunked,9,nvidia/parakeet-ctc-0.6b,,30,,0.058,,4789.0,7.0,,15.0,,0.002,,,,,4,,input/4m36s.wav,10
2025-12-17 22:10:52.641,chunked,7,nvidia/parakeet-ctc-0.6b,,30,,0.067,,4789.0,11.0,,26.0,,0.002,,,,,3,,input/4m36s.wav,10
2025-12-17 22:10:52.642,chunked,0,nvidia/parakeet-ctc-0.6b,,30,,0.069,,4789.0,11.0,,26.0,,0.002,,,,,0,,input/4m36s.wav,10
2025-12-17 22:10:52.931,chunked,9,nvidia/parakeet-ctc-0.6b,,30,,0.059,,4789.0,4.0,,8.0,,0.002,,,,,5,,input/4m36s.wav,10
2025-12-17 22:10:52.986,chunked,7,nvidia/parakeet-ctc-0.6b,,30,,0.063,,4789.0,4.0,,8.0,,0.002,,,,,4,,input/4m36s.wav,10
2025-12-17 22:10:52.987,chunked,0,nvidia/parakeet-ctc-0.6b,,30,,0.067,,4789.0,4.0,,8.0,,0.002,,,,,1,,input/4m36s.wav,10
2025-12-17 22:10:53.270,chunked,9,nvidia/parakeet-ctc-0.6b,,30,,0.058,,4789.0,0.0,,1.0,,0.002,,,,,6,,input/4m36s.wav,10
2025-12-17 22:10:53.330,chunked,7,nvidia/parakeet-ctc-0.6b,,30,,0.065,,4789.0,0.0,,1.0,,0.002,,,,,5,,input/4m36s.wav,10
2025-12-17 22:10:53.331,chunked,0,nvidia/parakeet-ctc-0.6b,,30,,0.067,,4789.0,0.0,,1.0,,0.002,,,,,2,,input/4m36s.wav,10
2025-12-17 22:10:53.608,chunked,9,nvidia/parakeet-ctc-0.6b,,30,,0.057,,4781.0,5.0,,12.0,,0.002,,,,,7,,input/4m36s.wav,10
2025-12-17 22:10:53.677,chunked,7,nvidia/parakeet-ctc-0.6b,,30,,0.071,,4789.0,5.0,,12.0,,0.002,,,,,6,,input/4m36s.wav,10
2025-12-17 22:10:53.692,chunked,0,nvidia/parakeet-ctc-0.6b,,30,,0.078,,4789.0,5.0,,12.0,,0.003,,,,,3,,input/4m36s.wav,10
2025-12-17 22:10:53.955,chunked,9,nvidia/parakeet-ctc-0.6b,,30,,0.062,,4769.0,10.0,,22.0,,0.002,,,,,8,,input/4m36s.wav,10
2025-12-17 22:10:54.014,chunked,7,nvidia/parakeet-ctc-0.6b,,30,,0.061,,4789.0,13.0,,29.0,,0.002,,,,,7,,input/4m36s.wav,10
2025-12-17 22:10:54.040,chunked,0,nvidia/parakeet-ctc-0.6b,,30,,0.063,,4789.0,13.0,,29.0,,0.002,,,,,4,,input/4m36s.wav,10
2025-12-17 22:10:54.289,chunked,9,nvidia/parakeet-ctc-0.6b,,6.201,,0.058,,4697.0,2.0,,3.0,,0.009,,,,,9,,input/4m36s.wav,10
2025-12-17 22:10:54.290,chunked,9,parakeet-ctc-0.6b,276.2,,10,,0.1,,,1.29,,1.2,,0.017,4.69,58.86,3.39,,nvidia/parakeet-ctc-0.6b,input/4m36s.wav,
2025-12-17 22:10:54.366,chunked,7,nvidia/parakeet-ctc-0.6b,,30,,0.072,,4743.0,2.0,,3.0,,0.002,,,,,8,,input/4m36s.wav,10
2025-12-17 22:10:54.380,chunked,0,nvidia/parakeet-ctc-0.6b,,30,,0.064,,4743.0,2.0,,3.0,,0.002,,,,,5,,input/4m36s.wav,10
2025-12-17 22:10:54.712,chunked,7,nvidia/parakeet-ctc-0.6b,,6.201,,0.069,,4695.0,0.0,,0.0,,0.011,,,,,9,,input/4m36s.wav,10
2025-12-17 22:10:54.713,chunked,7,parakeet-ctc-0.6b,276.2,,10,,0.1,,,1.29,,1.18,,0.017,4.71,58.65,3.43,,nvidia/parakeet-ctc-0.6b,input/4m36s.wav,
2025-12-17 22:10:54.726,chunked,0,nvidia/parakeet-ctc-0.6b,,30,,0.066,,4695.0,0.0,,0.0,,0.002,,,,,6,,input/4m36s.wav,10
2025-12-17 22:10:55.067,chunked,0,nvidia/parakeet-ctc-0.6b,,30,,0.061,,4693.0,0.0,,1.0,,0.002,,,,,7,,input/4m36s.wav,10
2025-12-17 22:10:55.420,chunked,0,nvidia/parakeet-ctc-0.6b,,30,,0.059,,4693.0,5.0,,11.0,,0.002,,,,,8,,input/4m36s.wav,10
2025-12-17 22:10:55.745,chunked,0,nvidia/parakeet-ctc-0.6b,,6.201,,0.054,,4647.0,0.0,,0.0,,0.009,,,,,9,,input/4m36s.wav,10
2025-12-17 22:10:55.745,chunked,0,parakeet-ctc-0.6b,276.2,,10,,0.1,,,1.29,,1.19,,0.017,4.74,58.32,3.44,,nvidia/parakeet-ctc-0.6b,input/4m36s.wav,
2025-12-17 22:10:56.351,chunked,9,nvidia/parakeet-ctc-0.6b,,30,,0.06,,4693.0,0.0,,0.0,,0.002,,,,,0,,input/4m36s.wav,10
2025-12-17 22:10:56.697,chunked,9,nvidia/parakeet-ctc-0.6b,,30,,0.063,,4741.0,0.0,,0.0,,0.002,,,,,1,,input/4m36s.wav,10
2025-12-17 22:10:56.730,chunked,7,nvidia/parakeet-ctc-0.6b,,30,,0.059,,4741.0,0.0,,0.0,,0.002,,,,,0,,input/4m36s.wav,10
2025-12-17 22:10:57.030,chunked,9,nvidia/parakeet-ctc-0.6b,,30,,0.059,,4741.0,5.0,,11.0,,0.002,,,,,2,,input/4m36s.wav,10
2025-12-17 22:10:57.058,chunked,7,nvidia/parakeet-ctc-0.6b,,30,,0.058,,4741.0,5.0,,11.0,,0.002,,,,,1,,input/4m36s.wav,10
2025-12-17 22:10:57.366,chunked,9,nvidia/parakeet-ctc-0.6b,,30,,0.06,,4741.0,5.0,,10.0,,0.002,,,,,3,,input/4m36s.wav,10
2025-12-17 22:10:57.387,chunked,7,nvidia/parakeet-ctc-0.6b,,30,,0.059,,4741.0,5.0,,10.0,,0.002,,,,,2,,input/4m36s.wav,10
2025-12-17 22:10:57.706,chunked,9,nvidia/parakeet-ctc-0.6b,,30,,0.065,,4789.0,0.0,,0.0,,0.002,,,,,4,,input/4m36s.wav,10
2025-12-17 22:10:57.706,chunked,0,nvidia/parakeet-ctc-0.6b,,30,,0.064,,4789.0,0.0,,0.0,,0.002,,,,,0,,input/4m36s.wav,10
2025-12-17 22:10:57.734,chunked,7,nvidia/parakeet-ctc-0.6b,,30,,0.069,,4789.0,0.0,,0.0,,0.002,,,,,3,,input/4m36s.wav,10
2025-12-17 22:10:58.048,chunked,9,nvidia/parakeet-ctc-0.6b,,30,,0.063,,4789.0,5.0,,13.0,,0.002,,,,,5,,input/4m36s.wav,10
2025-12-17 22:10:58.048,chunked,0,nvidia/parakeet-ctc-0.6b,,30,,0.069,,4789.0,5.0,,13.0,,0.002,,,,,1,,input/4m36s.wav,10
2025-12-17 22:10:58.085,chunked,7,nvidia/parakeet-ctc-0.6b,,30,,0.067,,4789.0,5.0,,13.0,,0.002,,,,,4,,input/4m36s.wav,10
2025-12-17 22:10:58.390,chunked,9,nvidia/parakeet-ctc-0.6b,,30,,0.062,,4789.0,9.0,,20.0,,0.002,,,,,6,,input/4m36s.wav,10
2025-12-17 22:10:58.407,chunked,0,nvidia/parakeet-ctc-0.6b,,30,,0.069,,4789.0,14.0,,31.0,,0.002,,,,,2,,input/4m36s.wav,10
2025-12-17 22:10:58.432,chunked,7,nvidia/parakeet-ctc-0.6b,,30,,0.073,,4789.0,14.0,,31.0,,0.002,,,,,5,,input/4m36s.wav,10
2025-12-17 22:10:58.732,chunked,9,nvidia/parakeet-ctc-0.6b,,30,,0.062,,4789.0,1.0,,2.0,,0.002,,,,,7,,input/4m36s.wav,10
2025-12-17 22:10:58.746,chunked,0,nvidia/parakeet-ctc-0.6b,,30,,0.06,,4789.0,1.0,,2.0,,0.002,,,,,3,,input/4m36s.wav,10
2025-12-17 22:10:58.773,chunked,7,nvidia/parakeet-ctc-0.6b,,30,,0.068,,4789.0,1.0,,2.0,,0.002,,,,,6,,input/4m36s.wav,10
2025-12-17 22:10:59.072,chunked,9,nvidia/parakeet-ctc-0.6b,,30,,0.061,,4789.0,0.0,,1.0,,0.002,,,,,8,,input/4m36s.wav,10
2025-12-17 22:10:59.088,chunked,0,nvidia/parakeet-ctc-0.6b,,30,,0.061,,4789.0,0.0,,1.0,,0.002,,,,,4,,input/4m36s.wav,10
2025-12-17 22:10:59.116,chunked,7,nvidia/parakeet-ctc-0.6b,,30,,0.069,,4789.0,0.0,,1.0,,0.002,,,,,7,,input/4m36s.wav,10
2025-12-17 22:10:59.407,chunked,9,nvidia/parakeet-ctc-0.6b,,6.201,,0.055,,4743.0,9.0,,23.0,,0.009,,,,,9,,input/4m36s.wav,10
2025-12-17 22:10:59.408,chunked,9,parakeet-ctc-0.6b,276.2,,10,,0.1,,,1.29,,1.25,,0.017,4.78,57.81,3.42,,nvidia/parakeet-ctc-0.6b,input/4m36s.wav,
2025-12-17 22:10:59.425,chunked,0,nvidia/parakeet-ctc-0.6b,,30,,0.061,,4743.0,9.0,,23.0,,0.002,,,,,5,,input/4m36s.wav,10
2025-12-17 22:10:59.452,chunked,7,nvidia/parakeet-ctc-0.6b,,30,,0.064,,4743.0,9.0,,23.0,,0.002,,,,,8,,input/4m36s.wav,10
2025-12-17 22:10:59.766,chunked,0,nvidia/parakeet-ctc-0.6b,,30,,0.061,,4695.0,3.0,,7.0,,0.002,,,,,6,,input/4m36s.wav,10
2025-12-17 22:10:59.793,chunked,7,nvidia/parakeet-ctc-0.6b,,6.201,,0.064,,4695.0,3.0,,7.0,,0.01,,,,,9,,input/4m36s.wav,10
2025-12-17 22:10:59.794,chunked,7,parakeet-ctc-0.6b,276.2,,10,,0.1,,,1.29,,1.24,,0.017,4.74,58.26,3.4,,nvidia/parakeet-ctc-0.6b,input/4m36s.wav,
2025-12-17 22:11:00.115,chunked,0,nvidia/parakeet-ctc-0.6b,,30,,0.061,,4693.0,0.0,,0.0,,0.002,,,,,7,,input/4m36s.wav,10
2025-12-17 22:11:00.457,chunked,0,nvidia/parakeet-ctc-0.6b,,30,,0.058,,4693.0,1.0,,2.0,,0.002,,,,,8,,input/4m36s.wav,10
2025-12-17 22:11:00.796,chunked,0,nvidia/parakeet-ctc-0.6b,,6.201,,0.055,,4647.0,4.0,,8.0,,0.009,,,,,9,,input/4m36s.wav,10
2025-12-17 22:11:00.796,chunked,0,parakeet-ctc-0.6b,276.2,,10,,0.1,,,1.29,,1.19,,0.017,4.73,58.39,3.44,,nvidia/parakeet-ctc-0.6b,input/4m36s.wav,
2025-12-17 22:11:01.402,chunked,9,nvidia/parakeet-ctc-0.6b,,30,,0.071,,4693.0,5.0,,10.0,,0.002,,,,,0,,input/4m36s.wav,10
2025-12-17 22:11:01.735,chunked,9,nvidia/parakeet-ctc-0.6b,,30,,0.061,,4693.0,0.0,,0.0,,0.002,,,,,1,,input/4m36s.wav,10
2025-12-17 22:11:01.824,chunked,7,nvidia/parakeet-ctc-0.6b,,30,,0.064,,4741.0,10.0,,21.0,,0.002,,,,,0,,input/4m36s.wav,10
2025-12-17 22:11:02.067,chunked,9,nvidia/parakeet-ctc-0.6b,,30,,0.061,,4741.0,0.0,,1.0,,0.002,,,,,2,,input/4m36s.wav,10
2025-12-17 22:11:02.167,chunked,7,nvidia/parakeet-ctc-0.6b,,30,,0.06,,4741.0,0.0,,1.0,,0.002,,,,,1,,input/4m36s.wav,10
2025-12-17 22:11:02.405,chunked,9,nvidia/parakeet-ctc-0.6b,,30,,0.061,,4741.0,5.0,,11.0,,0.002,,,,,3,,input/4m36s.wav,10
2025-12-17 22:11:02.497,chunked,7,nvidia/parakeet-ctc-0.6b,,30,,0.059,,4741.0,5.0,,11.0,,0.002,,,,,2,,input/4m36s.wav,10
2025-12-17 22:11:02.744,chunked,9,nvidia/parakeet-ctc-0.6b,,30,,0.063,,4741.0,5.0,,11.0,,0.002,,,,,4,,input/4m36s.wav,10
2025-12-17 22:11:02.818,chunked,0,nvidia/parakeet-ctc-0.6b,,30,,0.065,,4789.0,13.0,,29.0,,0.002,,,,,0,,input/4m36s.wav,10
2025-12-17 22:11:02.833,chunked,7,nvidia/parakeet-ctc-0.6b,,30,,0.06,,4789.0,13.0,,29.0,,0.002,,,,,3,,input/4m36s.wav,10
2025-12-17 22:11:03.085,chunked,9,nvidia/parakeet-ctc-0.6b,,30,,0.062,,4741.0,1.0,,3.0,,0.002,,,,,5,,input/4m36s.wav,10
2025-12-17 22:11:03.163,chunked,0,nvidia/parakeet-ctc-0.6b,,30,,0.063,,4789.0,1.0,,3.0,,0.002,,,,,1,,input/4m36s.wav,10
2025-12-17 22:11:03.183,chunked,7,nvidia/parakeet-ctc-0.6b,,30,,0.065,,4789.0,1.0,,3.0,,0.002,,,,,4,,input/4m36s.wav,10
2025-12-17 22:11:03.429,chunked,9,nvidia/parakeet-ctc-0.6b,,30,,0.062,,4741.0,4.0,,9.0,,0.002,,,,,6,,input/4m36s.wav,10
2025-12-17 22:11:03.503,chunked,0,nvidia/parakeet-ctc-0.6b,,30,,0.064,,4789.0,4.0,,9.0,,0.002,,,,,2,,input/4m36s.wav,10
2025-12-17 22:11:03.523,chunked,7,nvidia/parakeet-ctc-0.6b,,30,,0.062,,4789.0,4.0,,9.0,,0.002,,,,,5,,input/4m36s.wav,10
2025-12-17 22:11:03.772,chunked,9,nvidia/parakeet-ctc-0.6b,,30,,0.06,,4741.0,11.0,,24.0,,0.002,,,,,7,,input/4m36s.wav,10
2025-12-17 22:11:03.844,chunked,0,nvidia/parakeet-ctc-0.6b,,30,,0.063,,4789.0,8.0,,18.0,,0.002,,,,,3,,input/4m36s.wav,10
2025-12-17 22:11:03.863,chunked,7,nvidia/parakeet-ctc-0.6b,,30,,0.061,,4789.0,8.0,,18.0,,0.002,,,,,6,,input/4m36s.wav,10
2025-12-17 22:11:04.111,chunked,9,nvidia/parakeet-ctc-0.6b,,30,,0.062,,4741.0,7.0,,15.0,,0.002,,,,,8,,input/4m36s.wav,10
2025-12-17 22:11:04.184,chunked,0,nvidia/parakeet-ctc-0.6b,,30,,0.065,,4789.0,7.0,,15.0,,0.002,,,,,4,,input/4m36s.wav,10
2025-12-17 22:11:04.206,chunked,7,nvidia/parakeet-ctc-0.6b,,30,,0.062,,4789.0,15.0,,33.0,,0.002,,,,,7,,input/4m36s.wav,10
2025-12-17 22:11:04.445,chunked,9,nvidia/parakeet-ctc-0.6b,,6.201,,0.057,,4743.0,1.0,,3.0,,0.009,,,,,9,,input/4m36s.wav,10
2025-12-17 22:11:04.445,chunked,9,parakeet-ctc-0.6b,276.2,,10,,0.11,,,1.29,,1.18,,0.017,4.7,58.82,3.4,,nvidia/parakeet-ctc-0.6b,input/4m36s.wav,
2025-12-17 22:11:04.533,chunked,0,nvidia/parakeet-ctc-0.6b,,30,,0.066,,4743.0,1.0,,3.0,,0.002,,,,,5,,input/4m36s.wav,10
2025-12-17 22:11:04.547,chunked,7,nvidia/parakeet-ctc-0.6b,,30,,0.06,,4743.0,1.0,,3.0,,0.002,,,,,8,,input/4m36s.wav,10
2025-12-17 22:11:04.876,chunked,0,nvidia/parakeet-ctc-0.6b,,30,,0.069,,4695.0,0.0,,1.0,,0.002,,,,,6,,input/4m36s.wav,10
2025-12-17 22:11:04.893,chunked,7,nvidia/parakeet-ctc-0.6b,,6.201,,0.069,,4695.0,0.0,,1.0,,0.011,,,,,9,,input/4m36s.wav,10
2025-12-17 22:11:04.894,chunked,7,parakeet-ctc-0.6b,276.2,,10,,0.13,,,1.29,,1.23,,0.017,4.76,57.99,3.4,,nvidia/parakeet-ctc-0.6b,input/4m36s.wav,
2025-12-17 22:11:05.212,chunked,0,nvidia/parakeet-ctc-0.6b,,30,,0.062,,4693.0,5.0,,11.0,,0.002,,,,,7,,input/4m36s.wav,10
2025-12-17 22:11:05.543,chunked,0,nvidia/parakeet-ctc-0.6b,,30,,0.059,,4693.0,0.0,,0.0,,0.002,,,,,8,,input/4m36s.wav,10
2025-12-17 22:11:05.863,chunked,0,nvidia/parakeet-ctc-0.6b,,6.201,,0.054,,4647.0,0.0,,1.0,,0.009,,,,,9,,input/4m36s.wav,10
2025-12-17 22:11:05.864,chunked,0,parakeet-ctc-0.6b,276.2,,10,,0.12,,,1.29,,1.19,,0.017,4.7,58.78,3.39,,nvidia/parakeet-ctc-0.6b,input/4m36s.wav,
2025-12-17 22:11:06.427,chunked,9,nvidia/parakeet-ctc-0.6b,,30,,0.06,,4693.0,4.0,,8.0,,0.002,,,,,0,,input/4m36s.wav,10
2025-12-17 22:11:06.771,chunked,9,nvidia/parakeet-ctc-0.6b,,30,,0.06,,4693.0,1.0,,2.0,,0.002,,,,,1,,input/4m36s.wav,10
2025-12-17 22:11:06.853,chunked,7,nvidia/parakeet-ctc-0.6b,,30,,0.061,,4741.0,6.0,,13.0,,0.002,,,,,0,,input/4m36s.wav,10
2025-12-17 22:11:07.103,chunked,9,nvidia/parakeet-ctc-0.6b,,30,,0.061,,4741.0,3.0,,7.0,,0.002,,,,,2,,input/4m36s.wav,10
2025-12-17 22:11:07.204,chunked,7,nvidia/parakeet-ctc-0.6b,,30,,0.068,,4741.0,10.0,,21.0,,0.002,,,,,1,,input/4m36s.wav,10
2025-12-17 22:11:07.450,chunked,9,nvidia/parakeet-ctc-0.6b,,30,,0.059,,4741.0,1.0,,3.0,,0.002,,,,,3,,input/4m36s.wav,10
2025-12-17 22:11:07.542,chunked,7,nvidia/parakeet-ctc-0.6b,,30,,0.061,,4741.0,1.0,,3.0,,0.002,,,,,2,,input/4m36s.wav,10
2025-12-17 22:11:07.800,chunked,9,nvidia/parakeet-ctc-0.6b,,30,,0.059,,4789.0,7.0,,15.0,,0.002,,,,,4,,input/4m36s.wav,10
2025-12-17 22:11:07.851,chunked,0,nvidia/parakeet-ctc-0.6b,,30,,0.073,,4789.0,7.0,,15.0,,0.002,,,,,0,,input/4m36s.wav,10
2025-12-17 22:11:07.887,chunked,7,nvidia/parakeet-ctc-0.6b,,30,,0.063,,4789.0,7.0,,15.0,,0.002,,,,,3,,input/4m36s.wav,10
2025-12-17 22:11:08.134,chunked,9,nvidia/parakeet-ctc-0.6b,,30,,0.059,,4789.0,7.0,,15.0,,0.002,,,,,5,,input/4m36s.wav,10
2025-12-17 22:11:08.192,chunked,0,nvidia/parakeet-ctc-0.6b,,30,,0.062,,4789.0,7.0,,15.0,,0.002,,,,,1,,input/4m36s.wav,10
2025-12-17 22:11:08.225,chunked,7,nvidia/parakeet-ctc-0.6b,,30,,0.063,,4789.0,14.0,,32.0,,0.002,,,,,4,,input/4m36s.wav,10
2025-12-17 22:11:08.469,chunked,9,nvidia/parakeet-ctc-0.6b,,30,,0.06,,4763.0,0.0,,1.0,,0.002,,,,,6,,input/4m36s.wav,10
2025-12-17 22:11:08.542,chunked,0,nvidia/parakeet-ctc-0.6b,,30,,0.072,,4789.0,0.0,,1.0,,0.002,,,,,2,,input/4m36s.wav,10
2025-12-17 22:11:08.565,chunked,7,nvidia/parakeet-ctc-0.6b,,30,,0.064,,4789.0,0.0,,1.0,,0.002,,,,,5,,input/4m36s.wav,10
2025-12-17 22:11:08.805,chunked,9,nvidia/parakeet-ctc-0.6b,,30,,0.061,,4749.0,5.0,,11.0,,0.002,,,,,7,,input/4m36s.wav,10
2025-12-17 22:11:08.890,chunked,0,nvidia/parakeet-ctc-0.6b,,30,,0.064,,4789.0,5.0,,11.0,,0.002,,,,,3,,input/4m36s.wav,10
2025-12-17 22:11:08.906,chunked,7,nvidia/parakeet-ctc-0.6b,,30,,0.065,,4789.0,5.0,,11.0,,0.002,,,,,6,,input/4m36s.wav,10
2025-12-17 22:11:09.146,chunked,9,nvidia/parakeet-ctc-0.6b,,30,,0.061,,4789.0,10.0,,23.0,,0.002,,,,,8,,input/4m36s.wav,10
2025-12-17 22:11:09.234,chunked,0,nvidia/parakeet-ctc-0.6b,,30,,0.064,,4789.0,10.0,,24.0,,0.002,,,,,4,,input/4m36s.wav,10
2025-12-17 22:11:09.249,chunked,7,nvidia/parakeet-ctc-0.6b,,30,,0.065,,4789.0,10.0,,24.0,,0.002,,,,,7,,input/4m36s.wav,10
2025-12-17 22:11:09.483,chunked,9,nvidia/parakeet-ctc-0.6b,,6.201,,0.056,,4743.0,4.0,,10.0,,0.009,,,,,9,,input/4m36s.wav,10
2025-12-17 22:11:09.484,chunked,9,parakeet-ctc-0.6b,276.2,,10,,0.1,,,1.29,,1.21,,0.017,4.7,58.79,3.38,,nvidia/parakeet-ctc-0.6b,input/4m36s.wav,
2025-12-17 22:11:09.572,chunked,0,nvidia/parakeet-ctc-0.6b,,30,,0.062,,4743.0,4.0,,10.0,,0.002,,,,,5,,input/4m36s.wav,10
2025-12-17 22:11:09.587,chunked,7,nvidia/parakeet-ctc-0.6b,,30,,0.06,,4743.0,4.0,,10.0,,0.002,,,,,8,,input/4m36s.wav,10
2025-12-17 22:11:09.921,chunked,0,nvidia/parakeet-ctc-0.6b,,30,,0.07,,4695.0,0.0,,0.0,,0.002,,,,,6,,input/4m36s.wav,10
2025-12-17 22:11:09.941,chunked,7,nvidia/parakeet-ctc-0.6b,,6.201,,0.073,,4695.0,0.0,,0.0,,0.012,,,,,9,,input/4m36s.wav,10
2025-12-17 22:11:09.942,chunked,7,parakeet-ctc-0.6b,276.2,,10,,0.1,,,1.29,,1.19,,0.017,4.72,58.5,3.42,,nvidia/parakeet-ctc-0.6b,input/4m36s.wav,
2025-12-17 22:11:10.261,chunked,0,nvidia/parakeet-ctc-0.6b,,30,,0.058,,4693.0,0.0,,1.0,,0.002,,,,,7,,input/4m36s.wav,10
2025-12-17 22:11:10.600,chunked,0,nvidia/parakeet-ctc-0.6b,,30,,0.059,,4693.0,5.0,,11.0,,0.002,,,,,8,,input/4m36s.wav,10
2025-12-17 22:11:10.935,chunked,0,nvidia/parakeet-ctc-0.6b,,6.201,,0.056,,4647.0,0.0,,0.0,,0.009,,,,,9,,input/4m36s.wav,10
2025-12-17 22:11:10.936,chunked,0,parakeet-ctc-0.6b,276.2,,10,,0.11,,,1.29,,1.19,,0.017,4.74,58.32,3.44,,nvidia/parakeet-ctc-0.6b,input/4m36s.wav,
2025-12-17 22:11:11.512,chunked,9,nvidia/parakeet-ctc-0.6b,,30,,0.066,,4693.0,0.0,,0.0,,0.002,,,,,0,,input/4m36s.wav,10
2025-12-17 22:11:11.844,chunked,9,nvidia/parakeet-ctc-0.6b,,30,,0.06,,4693.0,2.0,,4.0,,0.002,,,,,1,,input/4m36s.wav,10
2025-12-17 22:11:11.914,chunked,7,nvidia/parakeet-ctc-0.6b,,30,,0.069,,4741.0,2.0,,4.0,,0.002,,,,,0,,input/4m36s.wav,10
2025-12-17 22:11:12.180,chunked,9,nvidia/parakeet-ctc-0.6b,,30,,0.06,,4693.0,8.0,,16.0,,0.002,,,,,2,,input/4m36s.wav,10
2025-12-17 22:11:12.248,chunked,7,nvidia/parakeet-ctc-0.6b,,30,,0.061,,4741.0,6.0,,14.0,,0.002,,,,,1,,input/4m36s.wav,10
2025-12-17 22:11:12.512,chunked,9,nvidia/parakeet-ctc-0.6b,,30,,0.06,,4693.0,3.0,,7.0,,0.002,,,,,3,,input/4m36s.wav,10
2025-12-17 22:11:12.592,chunked,7,nvidia/parakeet-ctc-0.6b,,30,,0.066,,4741.0,3.0,,7.0,,0.002,,,,,2,,input/4m36s.wav,10
2025-12-17 22:11:12.849,chunked,9,nvidia/parakeet-ctc-0.6b,,30,,0.061,,4741.0,1.0,,3.0,,0.002,,,,,4,,input/4m36s.wav,10
2025-12-17 22:11:12.926,chunked,0,nvidia/parakeet-ctc-0.6b,,30,,0.064,,4789.0,1.0,,3.0,,0.002,,,,,0,,input/4m36s.wav,10
2025-12-17 22:11:12.941,chunked,7,nvidia/parakeet-ctc-0.6b,,30,,0.066,,4789.0,1.0,,3.0,,0.002,,,,,3,,input/4m36s.wav,10
2025-12-17 22:11:13.186,chunked,9,nvidia/parakeet-ctc-0.6b,,30,,0.061,,4789.0,13.0,,30.0,,0.002,,,,,5,,input/4m36s.wav,10
2025-12-17 22:11:13.280,chunked,0,nvidia/parakeet-ctc-0.6b,,30,,0.065,,4789.0,5.0,,11.0,,0.002,,,,,1,,input/4m36s.wav,10
2025-12-17 22:11:13.281,chunked,7,nvidia/parakeet-ctc-0.6b,,30,,0.063,,4789.0,5.0,,11.0,,0.002,,,,,4,,input/4m36s.wav,10
2025-12-17 22:11:13.527,chunked,9,nvidia/parakeet-ctc-0.6b,,30,,0.062,,4789.0,10.0,,22.0,,0.002,,,,,6,,input/4m36s.wav,10
2025-12-17 22:11:13.622,chunked,7,nvidia/parakeet-ctc-0.6b,,30,,0.063,,4789.0,14.0,,32.0,,0.002,,,,,5,,input/4m36s.wav,10
2025-12-17 22:11:13.623,chunked,0,nvidia/parakeet-ctc-0.6b,,30,,0.07,,4789.0,14.0,,32.0,,0.002,,,,,2,,input/4m36s.wav,10
2025-12-17 22:11:13.867,chunked,9,nvidia/parakeet-ctc-0.6b,,30,,0.063,,4789.0,1.0,,2.0,,0.002,,,,,7,,input/4m36s.wav,10
2025-12-17 22:11:13.961,chunked,7,nvidia/parakeet-ctc-0.6b,,30,,0.065,,4789.0,1.0,,2.0,,0.002,,,,,6,,input/4m36s.wav,10
2025-12-17 22:11:13.962,chunked,0,nvidia/parakeet-ctc-0.6b,,30,,0.068,,4789.0,1.0,,2.0,,0.002,,,,,3,,input/4m36s.wav,10
2025-12-17 22:11:14.220,chunked,9,nvidia/parakeet-ctc-0.6b,,30,,0.063,,4789.0,5.0,,11.0,,0.002,,,,,8,,input/4m36s.wav,10
2025-12-17 22:11:14.309,chunked,0,nvidia/parakeet-ctc-0.6b,,30,,0.063,,4789.0,5.0,,11.0,,0.002,,,,,4,,input/4m36s.wav,10
2025-12-17 22:11:14.310,chunked,7,nvidia/parakeet-ctc-0.6b,,30,,0.068,,4789.0,5.0,,11.0,,0.002,,,,,7,,input/4m36s.wav,10
2025-12-17 22:11:14.559,chunked,9,nvidia/parakeet-ctc-0.6b,,6.201,,0.06,,4743.0,10.0,,23.0,,0.01,,,,,9,,input/4m36s.wav,10
2025-12-17 22:11:14.560,chunked,9,parakeet-ctc-0.6b,276.2,,10,,0.15,,,1.29,,1.22,,0.017,4.74,58.22,3.38,,nvidia/parakeet-ctc-0.6b,input/4m36s.wav,
2025-12-17 22:11:14.643,chunked,0,nvidia/parakeet-ctc-0.6b,,30,,0.06,,4743.0,6.0,,14.0,,0.002,,,,,5,,input/4m36s.wav,10
2025-12-17 22:11:14.660,chunked,7,nvidia/parakeet-ctc-0.6b,,30,,0.069,,4743.0,6.0,,14.0,,0.002,,,,,8,,input/4m36s.wav,10
2025-12-17 22:11:14.985,chunked,0,nvidia/parakeet-ctc-0.6b,,30,,0.065,,4695.0,6.0,,14.0,,0.002,,,,,6,,input/4m36s.wav,10
2025-12-17 22:11:15.005,chunked,7,nvidia/parakeet-ctc-0.6b,,6.201,,0.072,,4695.0,7.0,,22.0,,0.012,,,,,9,,input/4m36s.wav,10
2025-12-17 22:11:15.006,chunked,7,parakeet-ctc-0.6b,276.2,,10,,0.12,,,1.29,,1.19,,0.017,4.74,58.27,3.43,,nvidia/parakeet-ctc-0.6b,input/4m36s.wav,
2025-12-17 22:11:15.314,chunked,0,nvidia/parakeet-ctc-0.6b,,30,,0.059,,4693.0,0.0,,0.0,,0.002,,,,,7,,input/4m36s.wav,10
2025-12-17 22:11:15.647,chunked,0,nvidia/parakeet-ctc-0.6b,,30,,0.058,,4693.0,1.0,,3.0,,0.002,,,,,8,,input/4m36s.wav,10
2025-12-17 22:11:15.979,chunked,0,nvidia/parakeet-ctc-0.6b,,6.201,,0.055,,4647.0,4.0,,8.0,,0.009,,,,,9,,input/4m36s.wav,10
2025-12-17 22:11:15.979,chunked,0,parakeet-ctc-0.6b,276.2,,10,,0.12,,,1.29,,1.21,,0.017,4.72,58.56,3.39,,nvidia/parakeet-ctc-0.6b,input/4m36s.wav,
2025-12-17 22:11:16.527,chunked,9,nvidia/parakeet-ctc-0.6b,,30,,0.062,,4693.0,0.0,,0.0,,0.002,,,,,0,,input/4m36s.wav,10
2025-12-17 22:11:16.881,chunked,9,nvidia/parakeet-ctc-0.6b,,30,,0.059,,4693.0,0.0,,0.0,,0.002,,,,,1,,input/4m36s.wav,10
2025-12-17 22:11:16.985,chunked,7,nvidia/parakeet-ctc-0.6b,,30,,0.062,,4741.0,0.0,,0.0,,0.002,,,,,0,,input/4m36s.wav,10
2025-12-17 22:11:17.219,chunked,9,nvidia/parakeet-ctc-0.6b,,30,,0.062,,4741.0,5.0,,11.0,,0.002,,,,,2,,input/4m36s.wav,10
2025-12-17 22:11:17.327,chunked,7,nvidia/parakeet-ctc-0.6b,,30,,0.061,,4741.0,5.0,,11.0,,0.002,,,,,1,,input/4m36s.wav,10
2025-12-17 22:11:17.565,chunked,9,nvidia/parakeet-ctc-0.6b,,30,,0.06,,4741.0,5.0,,11.0,,0.002,,,,,3,,input/4m36s.wav,10
2025-12-17 22:11:17.659,chunked,7,nvidia/parakeet-ctc-0.6b,,30,,0.062,,4741.0,5.0,,12.0,,0.002,,,,,2,,input/4m36s.wav,10
2025-12-17 22:11:17.904,chunked,9,nvidia/parakeet-ctc-0.6b,,30,,0.06,,4789.0,5.0,,10.0,,0.002,,,,,4,,input/4m36s.wav,10
2025-12-17 22:11:17.960,chunked,0,nvidia/parakeet-ctc-0.6b,,30,,0.064,,4789.0,5.0,,10.0,,0.002,,,,,0,,input/4m36s.wav,10
2025-12-17 22:11:18.001,chunked,7,nvidia/parakeet-ctc-0.6b,,30,,0.063,,4789.0,14.0,,31.0,,0.002,,,,,3,,input/4m36s.wav,10
2025-12-17 22:11:18.242,chunked,9,nvidia/parakeet-ctc-0.6b,,30,,0.061,,4789.0,2.0,,5.0,,0.002,,,,,5,,input/4m36s.wav,10
2025-12-17 22:11:18.300,chunked,0,nvidia/parakeet-ctc-0.6b,,30,,0.063,,4789.0,2.0,,5.0,,0.002,,,,,1,,input/4m36s.wav,10
2025-12-17 22:11:18.339,chunked,7,nvidia/parakeet-ctc-0.6b,,30,,0.063,,4789.0,2.0,,5.0,,0.002,,,,,4,,input/4m36s.wav,10
2025-12-17 22:11:18.579,chunked,9,nvidia/parakeet-ctc-0.6b,,30,,0.059,,4787.0,12.0,,27.0,,0.002,,,,,6,,input/4m36s.wav,10
2025-12-17 22:11:18.647,chunked,0,nvidia/parakeet-ctc-0.6b,,30,,0.07,,4789.0,7.0,,15.0,,0.002,,,,,2,,input/4m36s.wav,10
2025-12-17 22:11:18.674,chunked,7,nvidia/parakeet-ctc-0.6b,,30,,0.062,,4789.0,7.0,,15.0,,0.002,,,,,5,,input/4m36s.wav,10
2025-12-17 22:11:18.927,chunked,9,nvidia/parakeet-ctc-0.6b,,30,,0.063,,4783.0,8.0,,17.0,,0.002,,,,,7,,input/4m36s.wav,10
2025-12-17 22:11:19.000,chunked,0,nvidia/parakeet-ctc-0.6b,,30,,0.073,,4789.0,15.0,,33.0,,0.002,,,,,3,,input/4m36s.wav,10
2025-12-17 22:11:19.018,chunked,7,nvidia/parakeet-ctc-0.6b,,30,,0.063,,4789.0,15.0,,33.0,,0.002,,,,,6,,input/4m36s.wav,10
2025-12-17 22:11:19.279,chunked,9,nvidia/parakeet-ctc-0.6b,,30,,0.06,,4741.0,0.0,,0.0,,0.002,,,,,8,,input/4m36s.wav,10
2025-12-17 22:11:19.351,chunked,0,nvidia/parakeet-ctc-0.6b,,30,,0.073,,4789.0,0.0,,0.0,,0.002,,,,,4,,input/4m36s.wav,10
2025-12-17 22:11:19.367,chunked,7,nvidia/parakeet-ctc-0.6b,,30,,0.062,,4789.0,0.0,,0.0,,0.002,,,,,7,,input/4m36s.wav,10
2025-12-17 22:11:19.621,chunked,9,nvidia/parakeet-ctc-0.6b,,6.201,,0.058,,4695.0,2.0,,5.0,,0.009,,,,,9,,input/4m36s.wav,10
2025-12-17 22:11:19.622,chunked,9,parakeet-ctc-0.6b,276.2,,10,,0.14,,,1.29,,1.15,,0.017,4.73,58.4,3.44,,nvidia/parakeet-ctc-0.6b,input/4m36s.wav,
2025-12-17 22:11:19.698,chunked,0,nvidia/parakeet-ctc-0.6b,,30,,0.067,,4743.0,2.0,,5.0,,0.002,,,,,5,,input/4m36s.wav,10
2025-12-17 22:11:19.699,chunked,7,nvidia/parakeet-ctc-0.6b,,30,,0.059,,4743.0,2.0,,5.0,,0.002,,,,,8,,input/4m36s.wav,10
2025-12-17 22:11:20.042,chunked,0,nvidia/parakeet-ctc-0.6b,,30,,0.067,,4695.0,3.0,,11.0,,0.002,,,,,6,,input/4m36s.wav,10
2025-12-17 22:11:20.059,chunked,7,nvidia/parakeet-ctc-0.6b,,6.201,,0.073,,4695.0,3.0,,11.0,,0.012,,,,,9,,input/4m36s.wav,10
2025-12-17 22:11:20.059,chunked,7,parakeet-ctc-0.6b,276.2,,10,,0.1,,,1.29,,1.22,,0.017,4.73,58.35,3.41,,nvidia/parakeet-ctc-0.6b,input/4m36s.wav,
2025-12-17 22:11:20.389,chunked,0,nvidia/parakeet-ctc-0.6b,,30,,0.072,,4693.0,4.0,,14.0,,0.002,,,,,7,,input/4m36s.wav,10
2025-12-17 22:11:20.740,chunked,0,nvidia/parakeet-ctc-0.6b,,30,,0.06,,4693.0,0.0,,0.0,,0.002,,,,,8,,input/4m36s.wav,10
2025-12-17 22:11:21.086,chunked,0,nvidia/parakeet-ctc-0.6b,,6.201,,0.064,,4647.0,0.0,,0.0,,0.01,,,,,9,,input/4m36s.wav,10
2025-12-17 22:11:21.087,chunked,0,parakeet-ctc-0.6b,276.2,,10,,0.11,,,1.29,,1.19,,0.017,4.77,57.9,3.47,,nvidia/parakeet-ctc-0.6b,input/4m36s.wav,
2025-12-17 22:11:21.601,chunked,9,nvidia/parakeet-ctc-0.6b,,30,,0.064,,4693.0,5.0,,10.0,,0.002,,,,,0,,input/4m36s.wav,10
2025-12-17 22:11:21.938,chunked,9,nvidia/parakeet-ctc-0.6b,,30,,0.06,,4693.0,0.0,,0.0,,0.002,,,,,1,,input/4m36s.wav,10
2025-12-17 22:11:22.091,chunked,7,nvidia/parakeet-ctc-0.6b,,30,,0.06,,4741.0,5.0,,11.0,,0.002,,,,,0,,input/4m36s.wav,10
2025-12-17 22:11:22.278,chunked,9,nvidia/parakeet-ctc-0.6b,,30,,0.059,,4741.0,5.0,,10.0,,0.002,,,,,2,,input/4m36s.wav,10
2025-12-17 22:11:22.422,chunked,7,nvidia/parakeet-ctc-0.6b,,30,,0.06,,4741.0,9.0,,19.0,,0.002,,,,,1,,input/4m36s.wav,10
2025-12-17 22:11:22.617,chunked,9,nvidia/parakeet-ctc-0.6b,,30,,0.059,,4741.0,6.0,,12.0,,0.002,,,,,3,,input/4m36s.wav,10
2025-12-17 22:11:22.758,chunked,7,nvidia/parakeet-ctc-0.6b,,30,,0.059,,4741.0,6.0,,12.0,,0.002,,,,,2,,input/4m36s.wav,10
2025-12-17 22:11:22.960,chunked,9,nvidia/parakeet-ctc-0.6b,,30,,0.063,,4741.0,5.0,,11.0,,0.002,,,,,4,,input/4m36s.wav,10
2025-12-17 22:11:23.100,chunked,7,nvidia/parakeet-ctc-0.6b,,30,,0.064,,4789.0,5.0,,11.0,,0.002,,,,,3,,input/4m36s.wav,10
2025-12-17 22:11:23.121,chunked,0,nvidia/parakeet-ctc-0.6b,,30,,0.062,,4789.0,5.0,,11.0,,0.002,,,,,0,,input/4m36s.wav,10
2025-12-17 22:11:23.303,chunked,9,nvidia/parakeet-ctc-0.6b,,30,,0.063,,4789.0,10.0,,22.0,,0.002,,,,,5,,input/4m36s.wav,10
2025-12-17 22:11:23.440,chunked,7,nvidia/parakeet-ctc-0.6b,,30,,0.062,,4789.0,7.0,,16.0,,0.002,,,,,4,,input/4m36s.wav,10
2025-12-17 22:11:23.459,chunked,0,nvidia/parakeet-ctc-0.6b,,30,,0.062,,4789.0,7.0,,16.0,,0.002,,,,,1,,input/4m36s.wav,10
2025-12-17 22:11:23.644,chunked,9,nvidia/parakeet-ctc-0.6b,,30,,0.06,,4789.0,9.0,,20.0,,0.002,,,,,6,,input/4m36s.wav,10
2025-12-17 22:11:23.778,chunked,7,nvidia/parakeet-ctc-0.6b,,30,,0.062,,4789.0,9.0,,20.0,,0.002,,,,,5,,input/4m36s.wav,10
2025-12-17 22:11:23.801,chunked,0,nvidia/parakeet-ctc-0.6b,,30,,0.062,,4789.0,13.0,,29.0,,0.002,,,,,2,,input/4m36s.wav,10
2025-12-17 22:11:23.999,chunked,9,nvidia/parakeet-ctc-0.6b,,30,,0.065,,4789.0,5.0,,11.0,,0.002,,,,,7,,input/4m36s.wav,10
2025-12-17 22:11:24.127,chunked,7,nvidia/parakeet-ctc-0.6b,,30,,0.062,,4789.0,5.0,,11.0,,0.002,,,,,6,,input/4m36s.wav,10
2025-12-17 22:11:24.146,chunked,0,nvidia/parakeet-ctc-0.6b,,30,,0.063,,4789.0,5.0,,11.0,,0.002,,,,,3,,input/4m36s.wav,10
2025-12-17 22:11:24.341,chunked,9,nvidia/parakeet-ctc-0.6b,,30,,0.066,,4789.0,10.0,,22.0,,0.002,,,,,8,,input/4m36s.wav,10
2025-12-17 22:11:24.477,chunked,7,nvidia/parakeet-ctc-0.6b,,30,,0.068,,4789.0,5.0,,11.0,,0.002,,,,,7,,input/4m36s.wav,10
2025-12-17 22:11:24.496,chunked,0,nvidia/parakeet-ctc-0.6b,,30,,0.064,,4789.0,5.0,,11.0,,0.002,,,,,4,,input/4m36s.wav,10
2025-12-17 22:11:24.687,chunked,9,nvidia/parakeet-ctc-0.6b,,6.201,,0.06,,4743.0,10.0,,22.0,,0.01,,,,,9,,input/4m36s.wav,10
2025-12-17 22:11:24.687,chunked,9,parakeet-ctc-0.6b,276.2,,10,,0.1,,,1.29,,1.21,,0.017,4.74,58.28,3.43,,nvidia/parakeet-ctc-0.6b,input/4m36s.wav,
2025-12-17 22:11:24.821,chunked,7,nvidia/parakeet-ctc-0.6b,,30,,0.063,,4743.0,9.0,,22.0,,0.002,,,,,8,,input/4m36s.wav,10
2025-12-17 22:11:24.839,chunked,0,nvidia/parakeet-ctc-0.6b,,30,,0.065,,4743.0,9.0,,22.0,,0.002,,,,,5,,input/4m36s.wav,10
2025-12-17 22:11:25.158,chunked,7,nvidia/parakeet-ctc-0.6b,,6.201,,0.057,,4695.0,3.0,,6.0,,0.009,,,,,9,,input/4m36s.wav,10
2025-12-17 22:11:25.158,chunked,7,parakeet-ctc-0.6b,276.2,,10,,0.14,,,1.29,,1.2,,0.017,4.75,58.11,3.41,,nvidia/parakeet-ctc-0.6b,input/4m36s.wav,
2025-12-17 22:11:25.181,chunked,0,nvidia/parakeet-ctc-0.6b,,30,,0.061,,4695.0,3.0,,6.0,,0.002,,,,,6,,input/4m36s.wav,10
2025-12-17 22:11:25.537,chunked,0,nvidia/parakeet-ctc-0.6b,,30,,0.06,,4693.0,0.0,,0.0,,0.002,,,,,7,,input/4m36s.wav,10
2025-12-17 22:11:25.864,chunked,0,nvidia/parakeet-ctc-0.6b,,30,,0.058,,4693.0,0.0,,1.0,,0.002,,,,,8,,input/4m36s.wav,10
2025-12-17 22:11:26.207,chunked,0,nvidia/parakeet-ctc-0.6b,,6.201,,0.054,,4647.0,2.0,,5.0,,0.009,,,,,9,,input/4m36s.wav,10
2025-12-17 22:11:26.208,chunked,0,parakeet-ctc-0.6b,276.2,,10,,0.14,,,1.29,,1.19,,0.017,4.75,58.19,3.42,,nvidia/parakeet-ctc-0.6b,input/4m36s.wav,
2025-12-17 22:11:26.696,chunked,9,nvidia/parakeet-ctc-0.6b,,30,,0.058,,4693.0,0.0,,0.0,,0.002,,,,,0,,input/4m36s.wav,10
2025-12-17 22:11:27.036,chunked,9,nvidia/parakeet-ctc-0.6b,,30,,0.069,,4693.0,3.0,,7.0,,0.002,,,,,1,,input/4m36s.wav,10
2025-12-17 22:11:27.216,chunked,7,nvidia/parakeet-ctc-0.6b,,30,,0.063,,4741.0,6.0,,14.0,,0.002,,,,,0,,input/4m36s.wav,10
2025-12-17 22:11:27.370,chunked,9,nvidia/parakeet-ctc-0.6b,,30,,0.063,,4741.0,6.0,,14.0,,0.002,,,,,2,,input/4m36s.wav,10
2025-12-17 22:11:27.556,chunked,7,nvidia/parakeet-ctc-0.6b,,30,,0.06,,4741.0,5.0,,11.0,,0.002,,,,,1,,input/4m36s.wav,10
2025-12-17 22:11:27.703,chunked,9,nvidia/parakeet-ctc-0.6b,,30,,0.061,,4741.0,5.0,,11.0,,0.002,,,,,3,,input/4m36s.wav,10
2025-12-17 22:11:27.896,chunked,7,nvidia/parakeet-ctc-0.6b,,30,,0.059,,4741.0,5.0,,11.0,,0.002,,,,,2,,input/4m36s.wav,10
2025-12-17 22:11:28.041,chunked,9,nvidia/parakeet-ctc-0.6b,,30,,0.065,,4741.0,7.0,,15.0,,0.002,,,,,4,,input/4m36s.wav,10
2025-12-17 22:11:28.216,chunked,0,nvidia/parakeet-ctc-0.6b,,30,,0.06,,4789.0,9.0,,20.0,,0.002,,,,,0,,input/4m36s.wav,10
2025-12-17 22:11:28.246,chunked,7,nvidia/parakeet-ctc-0.6b,,30,,0.062,,4789.0,9.0,,20.0,,0.002,,,,,3,,input/4m36s.wav,10
2025-12-17 22:11:28.379,chunked,9,nvidia/parakeet-ctc-0.6b,,30,,0.064,,4789.0,9.0,,20.0,,0.002,,,,,5,,input/4m36s.wav,10
2025-12-17 22:11:28.560,chunked,0,nvidia/parakeet-ctc-0.6b,,30,,0.061,,4789.0,8.0,,18.0,,0.002,,,,,1,,input/4m36s.wav,10
2025-12-17 22:11:28.594,chunked,7,nvidia/parakeet-ctc-0.6b,,30,,0.062,,4789.0,10.0,,22.0,,0.002,,,,,4,,input/4m36s.wav,10
2025-12-17 22:11:28.717,chunked,9,nvidia/parakeet-ctc-0.6b,,30,,0.064,,4789.0,10.0,,22.0,,0.002,,,,,6,,input/4m36s.wav,10
2025-12-17 22:11:28.902,chunked,0,nvidia/parakeet-ctc-0.6b,,30,,0.061,,4789.0,5.0,,11.0,,0.002,,,,,2,,input/4m36s.wav,10
2025-12-17 22:11:28.935,chunked,7,nvidia/parakeet-ctc-0.6b,,30,,0.06,,4789.0,5.0,,11.0,,0.002,,,,,5,,input/4m36s.wav,10
2025-12-17 22:11:29.055,chunked,9,nvidia/parakeet-ctc-0.6b,,30,,0.064,,4789.0,10.0,,23.0,,0.002,,,,,7,,input/4m36s.wav,10
2025-12-17 22:11:29.244,chunked,0,nvidia/parakeet-ctc-0.6b,,30,,0.061,,4789.0,6.0,,13.0,,0.002,,,,,3,,input/4m36s.wav,10
2025-12-17 22:11:29.278,chunked,7,nvidia/parakeet-ctc-0.6b,,30,,0.062,,4789.0,6.0,,13.0,,0.002,,,,,6,,input/4m36s.wav,10
2025-12-17 22:11:29.397,chunked,9,nvidia/parakeet-ctc-0.6b,,30,,0.065,,4789.0,13.0,,29.0,,0.002,,,,,8,,input/4m36s.wav,10
2025-12-17 22:11:29.588,chunked,0,nvidia/parakeet-ctc-0.6b,,30,,0.059,,4789.0,13.0,,29.0,,0.002,,,,,4,,input/4m36s.wav,10
2025-12-17 22:11:29.619,chunked,7,nvidia/parakeet-ctc-0.6b,,30,,0.062,,4789.0,9.0,,21.0,,0.002,,,,,7,,input/4m36s.wav,10
2025-12-17 22:11:29.735,chunked,9,nvidia/parakeet-ctc-0.6b,,6.201,,0.058,,4743.0,9.0,,21.0,,0.009,,,,,9,,input/4m36s.wav,10
2025-12-17 22:11:29.736,chunked,9,parakeet-ctc-0.6b,276.2,,10,,0.1,,,1.29,,1.24,,0.017,4.71,58.61,3.36,,nvidia/parakeet-ctc-0.6b,input/4m36s.wav,
2025-12-17 22:11:29.935,chunked,0,nvidia/parakeet-ctc-0.6b,,30,,0.061,,4743.0,2.0,,6.0,,0.002,,,,,5,,input/4m36s.wav,10
2025-12-17 22:11:29.955,chunked,7,nvidia/parakeet-ctc-0.6b,,30,,0.061,,4743.0,2.0,,6.0,,0.002,,,,,8,,input/4m36s.wav,10
2025-12-17 22:11:30.275,chunked,0,nvidia/parakeet-ctc-0.6b,,30,,0.059,,4695.0,0.0,,0.0,,0.002,,,,,6,,input/4m36s.wav,10
2025-12-17 22:11:30.295,chunked,7,nvidia/parakeet-ctc-0.6b,,6.201,,0.054,,4695.0,0.0,,0.0,,0.009,,,,,9,,input/4m36s.wav,10
2025-12-17 22:11:30.295,chunked,7,parakeet-ctc-0.6b,276.2,,10,,0.11,,,1.29,,1.25,,0.017,4.79,57.71,3.43,,nvidia/parakeet-ctc-0.6b,input/4m36s.wav,
2025-12-17 22:11:30.615,chunked,0,nvidia/parakeet-ctc-0.6b,,30,,0.058,,4693.0,5.0,,10.0,,0.002,,,,,7,,input/4m36s.wav,10
2025-12-17 22:11:30.949,chunked,0,nvidia/parakeet-ctc-0.6b,,30,,0.059,,4693.0,0.0,,0.0,,0.002,,,,,8,,input/4m36s.wav,10
2025-12-17 22:11:31.275,chunked,0,nvidia/parakeet-ctc-0.6b,,6.201,,0.055,,4647.0,0.0,,0.0,,0.009,,,,,9,,input/4m36s.wav,10
2025-12-17 22:11:31.275,chunked,0,parakeet-ctc-0.6b,276.2,,10,,0.11,,,1.29,,1.22,,0.017,4.74,58.29,3.4,,nvidia/parakeet-ctc-0.6b,input/4m36s.wav,
2025-12-17 22:11:31.793,chunked,9,nvidia/parakeet-ctc-0.6b,,30,,0.062,,4693.0,5.0,,10.0,,0.002,,,,,0,,input/4m36s.wav,10
2025-12-17 22:11:32.143,chunked,9,nvidia/parakeet-ctc-0.6b,,30,,0.061,,4693.0,0.0,,0.0,,0.002,,,,,1,,input/4m36s.wav,10
2025-12-17 22:11:32.320,chunked,7,nvidia/parakeet-ctc-0.6b,,30,,0.059,,4741.0,5.0,,11.0,,0.002,,,,,0,,input/4m36s.wav,10
2025-12-17 22:11:32.475,chunked,9,nvidia/parakeet-ctc-0.6b,,30,,0.06,,4741.0,5.0,,10.0,,0.002,,,,,2,,input/4m36s.wav,10
2025-12-17 22:11:32.656,chunked,7,nvidia/parakeet-ctc-0.6b,,30,,0.061,,4741.0,5.0,,11.0,,0.002,,,,,1,,input/4m36s.wav,10
2025-12-17 22:11:32.806,chunked,9,nvidia/parakeet-ctc-0.6b,,30,,0.062,,4741.0,10.0,,21.0,,0.002,,,,,3,,input/4m36s.wav,10
2025-12-17 22:11:32.996,chunked,7,nvidia/parakeet-ctc-0.6b,,30,,0.065,,4741.0,5.0,,11.0,,0.002,,,,,2,,input/4m36s.wav,10
2025-12-17 22:11:33.144,chunked,9,nvidia/parakeet-ctc-0.6b,,30,,0.064,,4741.0,5.0,,11.0,,0.002,,,,,4,,input/4m36s.wav,10
2025-12-17 22:11:33.241,chunked,0,nvidia/parakeet-ctc-0.6b,,30,,0.061,,4789.0,6.0,,14.0,,0.002,,,,,0,,input/4m36s.wav,10
2025-12-17 22:11:33.337,chunked,7,nvidia/parakeet-ctc-0.6b,,30,,0.063,,4789.0,6.0,,14.0,,0.002,,,,,3,,input/4m36s.wav,10
2025-12-17 22:11:33.483,chunked,9,nvidia/parakeet-ctc-0.6b,,30,,0.063,,4789.0,8.0,,17.0,,0.002,,,,,5,,input/4m36s.wav,10
2025-12-17 22:11:33.586,chunked,0,nvidia/parakeet-ctc-0.6b,,30,,0.064,,4789.0,8.0,,17.0,,0.002,,,,,1,,input/4m36s.wav,10
2025-12-17 22:11:33.681,chunked,7,nvidia/parakeet-ctc-0.6b,,30,,0.065,,4789.0,10.0,,21.0,,0.002,,,,,4,,input/4m36s.wav,10
2025-12-17 22:11:33.821,chunked,9,nvidia/parakeet-ctc-0.6b,,30,,0.064,,4789.0,9.0,,20.0,,0.002,,,,,6,,input/4m36s.wav,10
2025-12-17 22:11:33.927,chunked,0,nvidia/parakeet-ctc-0.6b,,30,,0.065,,4789.0,9.0,,20.0,,0.002,,,,,2,,input/4m36s.wav,10
2025-12-17 22:11:34.022,chunked,7,nvidia/parakeet-ctc-0.6b,,30,,0.065,,4789.0,10.0,,21.0,,0.002,,,,,5,,input/4m36s.wav,10
2025-12-17 22:11:34.160,chunked,9,nvidia/parakeet-ctc-0.6b,,30,,0.063,,4789.0,10.0,,21.0,,0.002,,,,,7,,input/4m36s.wav,10
2025-12-17 22:11:34.266,chunked,0,nvidia/parakeet-ctc-0.6b,,30,,0.064,,4789.0,6.0,,13.0,,0.002,,,,,3,,input/4m36s.wav,10
2025-12-17 22:11:34.359,chunked,7,nvidia/parakeet-ctc-0.6b,,30,,0.063,,4789.0,6.0,,13.0,,0.002,,,,,6,,input/4m36s.wav,10
2025-12-17 22:11:34.500,chunked,9,nvidia/parakeet-ctc-0.6b,,30,,0.064,,4789.0,10.0,,21.0,,0.002,,,,,8,,input/4m36s.wav,10
2025-12-17 22:11:34.614,chunked,0,nvidia/parakeet-ctc-0.6b,,30,,0.064,,4789.0,10.0,,21.0,,0.002,,,,,4,,input/4m36s.wav,10
2025-12-17 22:11:34.701,chunked,7,nvidia/parakeet-ctc-0.6b,,30,,0.063,,4789.0,10.0,,21.0,,0.002,,,,,7,,input/4m36s.wav,10
2025-12-17 22:11:34.837,chunked,9,nvidia/parakeet-ctc-0.6b,,6.201,,0.059,,4743.0,6.0,,13.0,,0.01,,,,,9,,input/4m36s.wav,10
2025-12-17 22:11:34.837,chunked,9,parakeet-ctc-0.6b,276.2,,10,,0.17,,,1.29,,1.21,,0.017,4.77,57.92,3.39,,nvidia/parakeet-ctc-0.6b,input/4m36s.wav,
2025-12-17 22:11:34.954,chunked,0,nvidia/parakeet-ctc-0.6b,,30,,0.063,,4743.0,6.0,,13.0,,0.002,,,,,5,,input/4m36s.wav,10
2025-12-17 22:11:35.043,chunked,7,nvidia/parakeet-ctc-0.6b,,30,,0.065,,4743.0,8.0,,17.0,,0.002,,,,,8,,input/4m36s.wav,10
2025-12-17 22:11:35.294,chunked,0,nvidia/parakeet-ctc-0.6b,,30,,0.062,,4741.0,3.0,,7.0,,0.002,,,,,6,,input/4m36s.wav,10
2025-12-17 22:11:35.394,chunked,7,nvidia/parakeet-ctc-0.6b,,6.201,,0.058,,4695.0,7.0,,16.0,,0.009,,,,,9,,input/4m36s.wav,10
2025-12-17 22:11:35.394,chunked,7,parakeet-ctc-0.6b,276.2,,10,,0.1,,,1.29,,1.24,,0.017,4.77,57.95,3.42,,nvidia/parakeet-ctc-0.6b,input/4m36s.wav,
2025-12-17 22:11:35.644,chunked,0,nvidia/parakeet-ctc-0.6b,,30,,0.061,,4695.0,1.0,,3.0,,0.002,,,,,7,,input/4m36s.wav,10
2025-12-17 22:11:35.996,chunked,0,nvidia/parakeet-ctc-0.6b,,30,,0.059,,4693.0,5.0,,11.0,,0.002,,,,,8,,input/4m36s.wav,10
2025-12-17 22:11:36.333,chunked,0,nvidia/parakeet-ctc-0.6b,,6.201,,0.054,,4647.0,0.0,,0.0,,0.009,,,,,9,,input/4m36s.wav,10
2025-12-17 22:11:36.333,chunked,0,parakeet-ctc-0.6b,276.2,,10,,0.1,,,1.29,,1.2,,0.017,4.73,58.4,3.43,,nvidia/parakeet-ctc-0.6b,input/4m36s.wav,
2025-12-17 22:11:36.857,chunked,9,nvidia/parakeet-ctc-0.6b,,30,,0.067,,4693.0,0.0,,0.0,,0.002,,,,,0,,input/4m36s.wav,10
2025-12-17 22:11:37.219,chunked,9,nvidia/parakeet-ctc-0.6b,,30,,0.064,,4693.0,5.0,,10.0,,0.002,,,,,1,,input/4m36s.wav,10
2025-12-17 22:11:37.427,chunked,7,nvidia/parakeet-ctc-0.6b,,30,,0.06,,4741.0,4.0,,8.0,,0.002,,,,,0,,input/4m36s.wav,10
2025-12-17 22:11:37.555,chunked,9,nvidia/parakeet-ctc-0.6b,,30,,0.06,,4741.0,4.0,,8.0,,0.002,,,,,2,,input/4m36s.wav,10
2025-12-17 22:11:37.765,chunked,7,nvidia/parakeet-ctc-0.6b,,30,,0.061,,4741.0,6.0,,14.0,,0.002,,,,,1,,input/4m36s.wav,10
2025-12-17 22:11:37.900,chunked,9,nvidia/parakeet-ctc-0.6b,,30,,0.073,,4741.0,5.0,,11.0,,0.002,,,,,3,,input/4m36s.wav,10
2025-12-17 22:11:38.113,chunked,7,nvidia/parakeet-ctc-0.6b,,30,,0.065,,4741.0,5.0,,11.0,,0.002,,,,,2,,input/4m36s.wav,10
2025-12-17 22:11:38.238,chunked,9,nvidia/parakeet-ctc-0.6b,,30,,0.062,,4741.0,7.0,,15.0,,0.002,,,,,4,,input/4m36s.wav,10
2025-12-17 22:11:38.314,chunked,0,nvidia/parakeet-ctc-0.6b,,30,,0.062,,4789.0,7.0,,15.0,,0.002,,,,,0,,input/4m36s.wav,10
2025-12-17 22:11:38.458,chunked,7,nvidia/parakeet-ctc-0.6b,,30,,0.066,,4789.0,8.0,,17.0,,0.002,,,,,3,,input/4m36s.wav,10
2025-12-17 22:11:38.581,chunked,9,nvidia/parakeet-ctc-0.6b,,30,,0.061,,4789.0,8.0,,17.0,,0.002,,,,,5,,input/4m36s.wav,10
2025-12-17 22:11:38.673,chunked,0,nvidia/parakeet-ctc-0.6b,,30,,0.063,,4789.0,10.0,,21.0,,0.002,,,,,1,,input/4m36s.wav,10
2025-12-17 22:11:38.800,chunked,7,nvidia/parakeet-ctc-0.6b,,30,,0.064,,4789.0,10.0,,21.0,,0.002,,,,,4,,input/4m36s.wav,10
2025-12-17 22:11:38.924,chunked,9,nvidia/parakeet-ctc-0.6b,,30,,0.061,,4789.0,10.0,,21.0,,0.002,,,,,6,,input/4m36s.wav,10
2025-12-17 22:11:39.013,chunked,0,nvidia/parakeet-ctc-0.6b,,30,,0.063,,4789.0,10.0,,21.0,,0.002,,,,,2,,input/4m36s.wav,10
2025-12-17 22:11:39.147,chunked,7,nvidia/parakeet-ctc-0.6b,,30,,0.066,,4789.0,10.0,,21.0,,0.002,,,,,5,,input/4m36s.wav,10
2025-12-17 22:11:39.272,chunked,9,nvidia/parakeet-ctc-0.6b,,30,,0.062,,4789.0,5.0,,11.0,,0.002,,,,,7,,input/4m36s.wav,10
2025-12-17 22:11:39.359,chunked,0,nvidia/parakeet-ctc-0.6b,,30,,0.062,,4789.0,5.0,,11.0,,0.002,,,,,3,,input/4m36s.wav,10
2025-12-17 22:11:39.494,chunked,7,nvidia/parakeet-ctc-0.6b,,30,,0.067,,4789.0,10.0,,21.0,,0.002,,,,,6,,input/4m36s.wav,10
2025-12-17 22:11:39.624,chunked,9,nvidia/parakeet-ctc-0.6b,,30,,0.068,,4749.0,9.0,,19.0,,0.002,,,,,8,,input/4m36s.wav,10
2025-12-17 22:11:39.713,chunked,0,nvidia/parakeet-ctc-0.6b,,30,,0.065,,4789.0,9.0,,19.0,,0.002,,,,,4,,input/4m36s.wav,10
2025-12-17 22:11:39.840,chunked,7,nvidia/parakeet-ctc-0.6b,,30,,0.065,,4789.0,8.0,,17.0,,0.002,,,,,7,,input/4m36s.wav,10
2025-12-17 22:11:39.957,chunked,9,nvidia/parakeet-ctc-0.6b,,6.201,,0.06,,4743.0,8.0,,17.0,,0.01,,,,,9,,input/4m36s.wav,10
2025-12-17 22:11:39.958,chunked,9,parakeet-ctc-0.6b,276.2,,10,,0.1,,,1.29,,1.24,,0.017,4.78,57.76,3.44,,nvidia/parakeet-ctc-0.6b,input/4m36s.wav,
2025-12-17 22:11:40.052,chunked,0,nvidia/parakeet-ctc-0.6b,,30,,0.061,,4743.0,5.0,,13.0,,0.002,,,,,5,,input/4m36s.wav,10
2025-12-17 22:11:40.178,chunked,7,nvidia/parakeet-ctc-0.6b,,30,,0.064,,4743.0,5.0,,13.0,,0.002,,,,,8,,input/4m36s.wav,10
2025-12-17 22:11:40.397,chunked,0,nvidia/parakeet-ctc-0.6b,,30,,0.067,,4741.0,5.0,,11.0,,0.002,,,,,6,,input/4m36s.wav,10
2025-12-17 22:11:40.517,chunked,7,nvidia/parakeet-ctc-0.6b,,6.201,,0.061,,4695.0,5.0,,11.0,,0.01,,,,,9,,input/4m36s.wav,10
2025-12-17 22:11:40.517,chunked,7,parakeet-ctc-0.6b,276.2,,10,,0.11,,,1.29,,1.25,,0.017,4.8,57.55,3.43,,nvidia/parakeet-ctc-0.6b,input/4m36s.wav,
2025-12-17 22:11:40.733,chunked,0,nvidia/parakeet-ctc-0.6b,,30,,0.062,,4695.0,2.0,,5.0,,0.002,,,,,7,,input/4m36s.wav,10
2025-12-17 22:11:41.072,chunked,0,nvidia/parakeet-ctc-0.6b,,30,,0.058,,4693.0,0.0,,0.0,,0.002,,,,,8,,input/4m36s.wav,10
2025-12-17 22:11:41.393,chunked,0,nvidia/parakeet-ctc-0.6b,,6.201,,0.054,,4647.0,2.0,,5.0,,0.009,,,,,9,,input/4m36s.wav,10
2025-12-17 22:11:41.394,chunked,0,parakeet-ctc-0.6b,276.2,,10,,0.11,,,1.29,,1.21,,0.017,4.73,58.35,3.42,,nvidia/parakeet-ctc-0.6b,input/4m36s.wav,
2025-12-17 22:11:41.931,chunked,9,nvidia/parakeet-ctc-0.6b,,30,,0.06,,4693.0,0.0,,0.0,,0.002,,,,,0,,input/4m36s.wav,10
2025-12-17 22:11:42.266,chunked,9,nvidia/parakeet-ctc-0.6b,,30,,0.063,,4693.0,0.0,,1.0,,0.002,,,,,1,,input/4m36s.wav,10
2025-12-17 22:11:42.483,chunked,7,nvidia/parakeet-ctc-0.6b,,30,,0.062,,4741.0,5.0,,10.0,,0.002,,,,,0,,input/4m36s.wav,10
2025-12-17 22:11:42.602,chunked,9,nvidia/parakeet-ctc-0.6b,,30,,0.061,,4741.0,10.0,,21.0,,0.002,,,,,2,,input/4m36s.wav,10
2025-12-17 22:11:42.818,chunked,7,nvidia/parakeet-ctc-0.6b,,30,,0.065,,4741.0,4.0,,8.0,,0.002,,,,,1,,input/4m36s.wav,10
2025-12-17 22:11:42.940,chunked,9,nvidia/parakeet-ctc-0.6b,,30,,0.063,,4741.0,4.0,,8.0,,0.002,,,,,3,,input/4m36s.wav,10
2025-12-17 22:11:43.163,chunked,7,nvidia/parakeet-ctc-0.6b,,30,,0.066,,4741.0,6.0,,13.0,,0.002,,,,,2,,input/4m36s.wav,10
2025-12-17 22:11:43.276,chunked,9,nvidia/parakeet-ctc-0.6b,,30,,0.064,,4741.0,5.0,,11.0,,0.002,,,,,4,,input/4m36s.wav,10
2025-12-17 22:11:43.389,chunked,0,nvidia/parakeet-ctc-0.6b,,30,,0.061,,4789.0,10.0,,21.0,,0.002,,,,,0,,input/4m36s.wav,10
2025-12-17 22:11:43.509,chunked,7,nvidia/parakeet-ctc-0.6b,,30,,0.064,,4789.0,10.0,,21.0,,0.002,,,,,3,,input/4m36s.wav,10
2025-12-17 22:11:43.615,chunked,9,nvidia/parakeet-ctc-0.6b,,30,,0.065,,4789.0,9.0,,20.0,,0.002,,,,,5,,input/4m36s.wav,10
2025-12-17 22:11:43.732,chunked,0,nvidia/parakeet-ctc-0.6b,,30,,0.063,,4789.0,9.0,,20.0,,0.002,,,,,1,,input/4m36s.wav,10
2025-12-17 22:11:43.848,chunked,7,nvidia/parakeet-ctc-0.6b,,30,,0.064,,4789.0,6.0,,13.0,,0.002,,,,,4,,input/4m36s.wav,10
2025-12-17 22:11:43.954,chunked,9,nvidia/parakeet-ctc-0.6b,,30,,0.064,,4789.0,6.0,,13.0,,0.002,,,,,6,,input/4m36s.wav,10
2025-12-17 22:11:44.069,chunked,0,nvidia/parakeet-ctc-0.6b,,30,,0.064,,4789.0,9.0,,20.0,,0.002,,,,,2,,input/4m36s.wav,10
2025-12-17 22:11:44.191,chunked,7,nvidia/parakeet-ctc-0.6b,,30,,0.063,,4789.0,10.0,,21.0,,0.002,,,,,5,,input/4m36s.wav,10
2025-12-17 22:11:44.291,chunked,9,nvidia/parakeet-ctc-0.6b,,30,,0.062,,4789.0,10.0,,21.0,,0.002,,,,,7,,input/4m36s.wav,10
2025-12-17 22:11:44.408,chunked,0,nvidia/parakeet-ctc-0.6b,,30,,0.063,,4789.0,10.0,,21.0,,0.002,,,,,3,,input/4m36s.wav,10
2025-12-17 22:11:44.529,chunked,7,nvidia/parakeet-ctc-0.6b,,30,,0.064,,4789.0,10.0,,21.0,,0.002,,,,,6,,input/4m36s.wav,10
2025-12-17 22:11:44.630,chunked,9,nvidia/parakeet-ctc-0.6b,,30,,0.065,,4789.0,7.0,,16.0,,0.002,,,,,8,,input/4m36s.wav,10
2025-12-17 22:11:44.750,chunked,0,nvidia/parakeet-ctc-0.6b,,30,,0.063,,4789.0,7.0,,16.0,,0.002,,,,,4,,input/4m36s.wav,10
2025-12-17 22:11:44.869,chunked,7,nvidia/parakeet-ctc-0.6b,,30,,0.064,,4789.0,7.0,,15.0,,0.002,,,,,7,,input/4m36s.wav,10
2025-12-17 22:11:44.962,chunked,9,nvidia/parakeet-ctc-0.6b,,6.201,,0.059,,4743.0,7.0,,15.0,,0.01,,,,,9,,input/4m36s.wav,10
2025-12-17 22:11:44.963,chunked,9,parakeet-ctc-0.6b,276.2,,10,,0.1,,,1.29,,1.19,,0.017,4.67,59.12,3.37,,nvidia/parakeet-ctc-0.6b,input/4m36s.wav,
2025-12-17 22:11:45.100,chunked,0,nvidia/parakeet-ctc-0.6b,,30,,0.075,,4743.0,7.0,,16.0,,0.002,,,,,5,,input/4m36s.wav,10
2025-12-17 22:11:45.209,chunked,7,nvidia/parakeet-ctc-0.6b,,30,,0.064,,4743.0,10.0,,21.0,,0.002,,,,,8,,input/4m36s.wav,10
2025-12-17 22:11:45.438,chunked,0,nvidia/parakeet-ctc-0.6b,,30,,0.061,,4741.0,1.0,,3.0,,0.002,,,,,6,,input/4m36s.wav,10
2025-12-17 22:11:45.548,chunked,7,nvidia/parakeet-ctc-0.6b,,6.201,,0.058,,4695.0,1.0,,3.0,,0.009,,,,,9,,input/4m36s.wav,10
2025-12-17 22:11:45.548,chunked,7,parakeet-ctc-0.6b,276.2,,10,,0.1,,,1.29,,1.2,,0.017,4.7,58.73,3.4,,nvidia/parakeet-ctc-0.6b,input/4m36s.wav,
2025-12-17 22:11:45.773,chunked,0,nvidia/parakeet-ctc-0.6b,,30,,0.06,,4695.0,6.0,,13.0,,0.002,,,,,7,,input/4m36s.wav,10
2025-12-17 22:11:46.117,chunked,0,nvidia/parakeet-ctc-0.6b,,30,,0.057,,4693.0,0.0,,0.0,,0.002,,,,,8,,input/4m36s.wav,10
2025-12-17 22:11:46.442,chunked,0,nvidia/parakeet-ctc-0.6b,,6.201,,0.054,,4647.0,0.0,,1.0,,0.009,,,,,9,,input/4m36s.wav,10
2025-12-17 22:11:46.442,chunked,0,parakeet-ctc-0.6b,276.2,,10,,0.12,,,1.29,,1.22,,0.017,4.73,58.4,3.39,,nvidia/parakeet-ctc-0.6b,input/4m36s.wav,
2025-12-17 22:11:46.927,chunked,9,nvidia/parakeet-ctc-0.6b,,30,,0.059,,4693.0,0.0,,0.0,,0.002,,,,,0,,input/4m36s.wav,10
2025-12-17 22:11:47.256,chunked,9,nvidia/parakeet-ctc-0.6b,,30,,0.059,,4693.0,0.0,,1.0,,0.002,,,,,1,,input/4m36s.wav,10
2025-12-17 22:11:47.513,chunked,7,nvidia/parakeet-ctc-0.6b,,30,,0.058,,4693.0,5.0,,10.0,,0.002,,,,,0,,input/4m36s.wav,10
2025-12-17 22:11:47.590,chunked,9,nvidia/parakeet-ctc-0.6b,,30,,0.06,,4741.0,10.0,,21.0,,0.002,,,,,2,,input/4m36s.wav,10
2025-12-17 22:11:47.847,chunked,7,nvidia/parakeet-ctc-0.6b,,30,,0.06,,4701.0,0.0,,1.0,,0.002,,,,,1,,input/4m36s.wav,10
2025-12-17 22:11:47.928,chunked,9,nvidia/parakeet-ctc-0.6b,,30,,0.06,,4741.0,0.0,,1.0,,0.002,,,,,3,,input/4m36s.wav,10
2025-12-17 22:11:48.189,chunked,7,nvidia/parakeet-ctc-0.6b,,30,,0.064,,4741.0,5.0,,11.0,,0.002,,,,,2,,input/4m36s.wav,10
2025-12-17 22:11:48.274,chunked,9,nvidia/parakeet-ctc-0.6b,,30,,0.064,,4741.0,5.0,,11.0,,0.002,,,,,4,,input/4m36s.wav,10
2025-12-17 22:11:48.419,chunked,0,nvidia/parakeet-ctc-0.6b,,30,,0.063,,4789.0,8.0,,18.0,,0.002,,,,,0,,input/4m36s.wav,10
2025-12-17 22:11:48.527,chunked,7,nvidia/parakeet-ctc-0.6b,,30,,0.065,,4789.0,8.0,,18.0,,0.002,,,,,3,,input/4m36s.wav,10
2025-12-17 22:11:48.613,chunked,9,nvidia/parakeet-ctc-0.6b,,30,,0.064,,4789.0,10.0,,23.0,,0.002,,,,,5,,input/4m36s.wav,10
2025-12-17 22:11:48.762,chunked,0,nvidia/parakeet-ctc-0.6b,,30,,0.064,,4789.0,10.0,,23.0,,0.002,,,,,1,,input/4m36s.wav,10
2025-12-17 22:11:48.872,chunked,7,nvidia/parakeet-ctc-0.6b,,30,,0.061,,4789.0,5.0,,12.0,,0.002,,,,,4,,input/4m36s.wav,10
2025-12-17 22:11:48.957,chunked,9,nvidia/parakeet-ctc-0.6b,,30,,0.065,,4789.0,5.0,,12.0,,0.002,,,,,6,,input/4m36s.wav,10
2025-12-17 22:11:49.107,chunked,0,nvidia/parakeet-ctc-0.6b,,30,,0.065,,4789.0,10.0,,21.0,,0.002,,,,,2,,input/4m36s.wav,10
2025-12-17 22:11:49.208,chunked,7,nvidia/parakeet-ctc-0.6b,,30,,0.063,,4789.0,9.0,,21.0,,0.002,,,,,5,,input/4m36s.wav,10
2025-12-17 22:11:49.293,chunked,9,nvidia/parakeet-ctc-0.6b,,30,,0.064,,4789.0,9.0,,21.0,,0.002,,,,,7,,input/4m36s.wav,10
2025-12-17 22:11:49.447,chunked,0,nvidia/parakeet-ctc-0.6b,,30,,0.063,,4789.0,6.0,,13.0,,0.002,,,,,3,,input/4m36s.wav,10
2025-12-17 22:11:49.547,chunked,7,nvidia/parakeet-ctc-0.6b,,30,,0.064,,4789.0,6.0,,13.0,,0.002,,,,,6,,input/4m36s.wav,10
2025-12-17 22:11:49.630,chunked,9,nvidia/parakeet-ctc-0.6b,,30,,0.063,,4789.0,11.0,,25.0,,0.002,,,,,8,,input/4m36s.wav,10
2025-12-17 22:11:49.789,chunked,0,nvidia/parakeet-ctc-0.6b,,30,,0.064,,4789.0,7.0,,16.0,,0.002,,,,,4,,input/4m36s.wav,10
2025-12-17 22:11:49.886,chunked,7,nvidia/parakeet-ctc-0.6b,,30,,0.063,,4789.0,7.0,,16.0,,0.002,,,,,7,,input/4m36s.wav,10
2025-12-17 22:11:49.967,chunked,9,nvidia/parakeet-ctc-0.6b,,6.201,,0.058,,4743.0,7.0,,16.0,,0.009,,,,,9,,input/4m36s.wav,10
2025-12-17 22:11:49.968,chunked,9,parakeet-ctc-0.6b,276.2,,10,,0.1,,,1.29,,1.19,,0.017,4.67,59.12,3.38,,nvidia/parakeet-ctc-0.6b,input/4m36s.wav,
2025-12-17 22:11:50.129,chunked,0,nvidia/parakeet-ctc-0.6b,,30,,0.063,,4743.0,7.0,,16.0,,0.002,,,,,5,,input/4m36s.wav,10
2025-12-17 22:11:50.226,chunked,7,nvidia/parakeet-ctc-0.6b,,30,,0.063,,4743.0,8.0,,17.0,,0.002,,,,,8,,input/4m36s.wav,10
2025-12-17 22:11:50.467,chunked,0,nvidia/parakeet-ctc-0.6b,,30,,0.059,,4741.0,2.0,,4.0,,0.002,,,,,6,,input/4m36s.wav,10
2025-12-17 22:11:50.567,chunked,7,nvidia/parakeet-ctc-0.6b,,6.201,,0.059,,4695.0,2.0,,4.0,,0.01,,,,,9,,input/4m36s.wav,10
2025-12-17 22:11:50.568,chunked,7,parakeet-ctc-0.6b,276.2,,10,,0.11,,,1.29,,1.19,,0.017,4.68,59.03,3.38,,nvidia/parakeet-ctc-0.6b,input/4m36s.wav,
2025-12-17 22:11:50.797,chunked,0,nvidia/parakeet-ctc-0.6b,,30,,0.061,,4695.0,5.0,,11.0,,0.002,,,,,7,,input/4m36s.wav,10
2025-12-17 22:11:51.126,chunked,0,nvidia/parakeet-ctc-0.6b,,30,,0.058,,4693.0,0.0,,0.0,,0.002,,,,,8,,input/4m36s.wav,10
2025-12-17 22:11:51.453,chunked,0,nvidia/parakeet-ctc-0.6b,,6.201,,0.054,,4647.0,0.0,,0.0,,0.009,,,,,9,,input/4m36s.wav,10
2025-12-17 22:11:51.454,chunked,0,parakeet-ctc-0.6b,276.2,,10,,0.11,,,1.29,,1.21,,0.017,4.69,58.95,3.37,,nvidia/parakeet-ctc-0.6b,input/4m36s.wav,
2025-12-17 22:11:51.935,chunked,9,nvidia/parakeet-ctc-0.6b,,30,,0.061,,4693.0,0.0,,0.0,,0.002,,,,,0,,input/4m36s.wav,10
2025-12-17 22:11:52.259,chunked,9,nvidia/parakeet-ctc-0.6b,,30,,0.057,,4693.0,0.0,,0.0,,0.002,,,,,1,,input/4m36s.wav,10
2025-12-17 22:11:52.589,chunked,9,nvidia/parakeet-ctc-0.6b,,30,,0.062,,4741.0,9.0,,20.0,,0.002,,,,,2,,input/4m36s.wav,10
2025-12-17 22:11:52.611,chunked,7,nvidia/parakeet-ctc-0.6b,,30,,0.06,,4741.0,9.0,,20.0,,0.002,,,,,0,,input/4m36s.wav,10
2025-12-17 22:11:52.921,chunked,9,nvidia/parakeet-ctc-0.6b,,30,,0.06,,4741.0,1.0,,2.0,,0.002,,,,,3,,input/4m36s.wav,10
2025-12-17 22:11:52.948,chunked,7,nvidia/parakeet-ctc-0.6b,,30,,0.066,,4741.0,1.0,,2.0,,0.002,,,,,1,,input/4m36s.wav,10
2025-12-17 22:11:53.257,chunked,9,nvidia/parakeet-ctc-0.6b,,30,,0.061,,4741.0,0.0,,1.0,,0.002,,,,,4,,input/4m36s.wav,10
2025-12-17 22:11:53.286,chunked,7,nvidia/parakeet-ctc-0.6b,,30,,0.065,,4741.0,0.0,,1.0,,0.002,,,,,2,,input/4m36s.wav,10
2025-12-17 22:11:53.446,chunked,0,nvidia/parakeet-ctc-0.6b,,30,,0.063,,4789.0,10.0,,22.0,,0.002,,,,,0,,input/4m36s.wav,10
2025-12-17 22:11:53.598,chunked,9,nvidia/parakeet-ctc-0.6b,,30,,0.065,,4789.0,12.0,,27.0,,0.002,,,,,5,,input/4m36s.wav,10
2025-12-17 22:11:53.626,chunked,7,nvidia/parakeet-ctc-0.6b,,30,,0.066,,4789.0,12.0,,27.0,,0.002,,,,,3,,input/4m36s.wav,10
2025-12-17 22:11:53.788,chunked,0,nvidia/parakeet-ctc-0.6b,,30,,0.063,,4789.0,7.0,,15.0,,0.002,,,,,1,,input/4m36s.wav,10
2025-12-17 22:11:53.934,chunked,9,nvidia/parakeet-ctc-0.6b,,30,,0.062,,4789.0,7.0,,15.0,,0.002,,,,,6,,input/4m36s.wav,10
2025-12-17 22:11:53.971,chunked,7,nvidia/parakeet-ctc-0.6b,,30,,0.064,,4789.0,7.0,,15.0,,0.002,,,,,4,,input/4m36s.wav,10
2025-12-17 22:11:54.131,chunked,0,nvidia/parakeet-ctc-0.6b,,30,,0.064,,4789.0,10.0,,22.0,,0.002,,,,,2,,input/4m36s.wav,10
2025-12-17 22:11:54.275,chunked,9,nvidia/parakeet-ctc-0.6b,,30,,0.063,,4789.0,5.0,,11.0,,0.002,,,,,7,,input/4m36s.wav,10
2025-12-17 22:11:54.318,chunked,7,nvidia/parakeet-ctc-0.6b,,30,,0.068,,4789.0,5.0,,11.0,,0.002,,,,,5,,input/4m36s.wav,10
2025-12-17 22:11:54.473,chunked,0,nvidia/parakeet-ctc-0.6b,,30,,0.067,,4789.0,10.0,,21.0,,0.002,,,,,3,,input/4m36s.wav,10
2025-12-17 22:11:54.632,chunked,9,nvidia/parakeet-ctc-0.6b,,30,,0.068,,4789.0,7.0,,16.0,,0.002,,,,,8,,input/4m36s.wav,10
2025-12-17 22:11:54.666,chunked,7,nvidia/parakeet-ctc-0.6b,,30,,0.062,,4789.0,7.0,,16.0,,0.002,,,,,6,,input/4m36s.wav,10
2025-12-17 22:11:54.816,chunked,0,nvidia/parakeet-ctc-0.6b,,30,,0.065,,4789.0,11.0,,23.0,,0.002,,,,,4,,input/4m36s.wav,10
2025-12-17 22:11:54.969,chunked,9,nvidia/parakeet-ctc-0.6b,,6.201,,0.061,,4743.0,11.0,,23.0,,0.01,,,,,9,,input/4m36s.wav,10
2025-12-17 22:11:54.969,chunked,9,parakeet-ctc-0.6b,276.2,,10,,0.1,,,1.29,,1.2,,0.017,4.67,59.09,3.37,,nvidia/parakeet-ctc-0.6b,input/4m36s.wav,
2025-12-17 22:11:55.005,chunked,7,nvidia/parakeet-ctc-0.6b,,30,,0.063,,4743.0,8.0,,18.0,,0.002,,,,,7,,input/4m36s.wav,10
2025-12-17 22:11:55.158,chunked,0,nvidia/parakeet-ctc-0.6b,,30,,0.066,,4743.0,8.0,,18.0,,0.002,,,,,5,,input/4m36s.wav,10
2025-12-17 22:11:55.365,chunked,7,nvidia/parakeet-ctc-0.6b,,30,,0.069,,4741.0,5.0,,11.0,,0.002,,,,,8,,input/4m36s.wav,10
2025-12-17 22:11:55.505,chunked,0,nvidia/parakeet-ctc-0.6b,,30,,0.062,,4741.0,5.0,,11.0,,0.002,,,,,6,,input/4m36s.wav,10
2025-12-17 22:11:55.694,chunked,7,nvidia/parakeet-ctc-0.6b,,6.201,,0.057,,4695.0,5.0,,11.0,,0.009,,,,,9,,input/4m36s.wav,10
2025-12-17 22:11:55.695,chunked,7,parakeet-ctc-0.6b,276.2,,10,,0.13,,,1.29,,1.25,,0.017,4.8,57.58,3.41,,nvidia/parakeet-ctc-0.6b,input/4m36s.wav,
2025-12-17 22:11:55.854,chunked,0,nvidia/parakeet-ctc-0.6b,,30,,0.075,,4695.0,2.0,,6.0,,0.003,,,,,7,,input/4m36s.wav,10
2025-12-17 22:11:56.187,chunked,0,nvidia/parakeet-ctc-0.6b,,30,,0.06,,4693.0,5.0,,11.0,,0.002,,,,,8,,input/4m36s.wav,10
2025-12-17 22:11:56.510,chunked,0,nvidia/parakeet-ctc-0.6b,,6.201,,0.055,,4647.0,0.0,,0.0,,0.009,,,,,9,,input/4m36s.wav,10
2025-12-17 22:11:56.511,chunked,0,parakeet-ctc-0.6b,276.2,,10,,0.1,,,1.29,,1.23,,0.017,4.73,58.34,3.4,,nvidia/parakeet-ctc-0.6b,input/4m36s.wav,
2025-12-17 22:11:56.918,chunked,9,nvidia/parakeet-ctc-0.6b,,30,,0.069,,4693.0,0.0,,0.0,,0.002,,,,,0,,input/4m36s.wav,10
2025-12-17 22:11:57.254,chunked,9,nvidia/parakeet-ctc-0.6b,,30,,0.07,,4693.0,0.0,,1.0,,0.002,,,,,1,,input/4m36s.wav,10
2025-12-17 22:11:57.594,chunked,9,nvidia/parakeet-ctc-0.6b,,30,,0.07,,4693.0,5.0,,11.0,,0.002,,,,,2,,input/4m36s.wav,10
2025-12-17 22:11:57.685,chunked,7,nvidia/parakeet-ctc-0.6b,,30,,0.061,,4741.0,5.0,,11.0,,0.002,,,,,0,,input/4m36s.wav,10
2025-12-17 22:11:57.925,chunked,9,nvidia/parakeet-ctc-0.6b,,30,,0.058,,4741.0,5.0,,10.0,,0.002,,,,,3,,input/4m36s.wav,10
2025-12-17 22:11:58.012,chunked,7,nvidia/parakeet-ctc-0.6b,,30,,0.06,,4741.0,9.0,,19.0,,0.002,,,,,1,,input/4m36s.wav,10
2025-12-17 22:11:58.268,chunked,9,nvidia/parakeet-ctc-0.6b,,30,,0.062,,4741.0,1.0,,2.0,,0.002,,,,,4,,input/4m36s.wav,10
2025-12-17 22:11:58.365,chunked,7,nvidia/parakeet-ctc-0.6b,,30,,0.073,,4741.0,1.0,,2.0,,0.002,,,,,2,,input/4m36s.wav,10
2025-12-17 22:11:58.484,chunked,0,nvidia/parakeet-ctc-0.6b,,30,,0.065,,4789.0,10.0,,21.0,,0.002,,,,,0,,input/4m36s.wav,10
2025-12-17 22:11:58.617,chunked,9,nvidia/parakeet-ctc-0.6b,,30,,0.065,,4789.0,8.0,,17.0,,0.002,,,,,5,,input/4m36s.wav,10
2025-12-17 22:11:58.704,chunked,7,nvidia/parakeet-ctc-0.6b,,30,,0.064,,4789.0,8.0,,17.0,,0.002,,,,,3,,input/4m36s.wav,10
2025-12-17 22:11:58.824,chunked,0,nvidia/parakeet-ctc-0.6b,,30,,0.065,,4789.0,9.0,,20.0,,0.002,,,,,1,,input/4m36s.wav,10
2025-12-17 22:11:58.953,chunked,9,nvidia/parakeet-ctc-0.6b,,30,,0.061,,4789.0,9.0,,20.0,,0.002,,,,,6,,input/4m36s.wav,10
2025-12-17 22:11:59.046,chunked,7,nvidia/parakeet-ctc-0.6b,,30,,0.065,,4789.0,7.0,,16.0,,0.002,,,,,4,,input/4m36s.wav,10
2025-12-17 22:11:59.169,chunked,0,nvidia/parakeet-ctc-0.6b,,30,,0.065,,4789.0,7.0,,16.0,,0.002,,,,,2,,input/4m36s.wav,10
2025-12-17 22:11:59.292,chunked,9,nvidia/parakeet-ctc-0.6b,,30,,0.063,,4789.0,9.0,,20.0,,0.002,,,,,7,,input/4m36s.wav,10
2025-12-17 22:11:59.386,chunked,7,nvidia/parakeet-ctc-0.6b,,30,,0.063,,4789.0,10.0,,21.0,,0.002,,,,,5,,input/4m36s.wav,10
2025-12-17 22:11:59.510,chunked,0,nvidia/parakeet-ctc-0.6b,,30,,0.065,,4789.0,10.0,,21.0,,0.002,,,,,3,,input/4m36s.wav,10
2025-12-17 22:11:59.644,chunked,9,nvidia/parakeet-ctc-0.6b,,30,,0.065,,4789.0,5.0,,12.0,,0.002,,,,,8,,input/4m36s.wav,10
2025-12-17 22:11:59.727,chunked,7,nvidia/parakeet-ctc-0.6b,,30,,0.062,,4789.0,5.0,,12.0,,0.002,,,,,6,,input/4m36s.wav,10
2025-12-17 22:11:59.849,chunked,0,nvidia/parakeet-ctc-0.6b,,30,,0.063,,4789.0,9.0,,21.0,,0.002,,,,,4,,input/4m36s.wav,10
2025-12-17 22:11:59.975,chunked,9,nvidia/parakeet-ctc-0.6b,,6.201,,0.057,,4743.0,9.0,,21.0,,0.009,,,,,9,,input/4m36s.wav,10
2025-12-17 22:11:59.976,chunked,9,parakeet-ctc-0.6b,276.2,,10,,0.1,,,1.29,,1.18,,0.017,4.67,59.1,3.39,,nvidia/parakeet-ctc-0.6b,input/4m36s.wav,
2025-12-17 22:12:00.064,chunked,7,nvidia/parakeet-ctc-0.6b,,30,,0.059,,4743.0,7.0,,15.0,,0.002,,,,,7,,input/4m36s.wav,10
2025-12-17 22:12:00.188,chunked,0,nvidia/parakeet-ctc-0.6b,,30,,0.066,,4743.0,10.0,,21.0,,0.002,,,,,5,,input/4m36s.wav,10
2025-12-17 22:12:00.413,chunked,7,nvidia/parakeet-ctc-0.6b,,30,,0.071,,4741.0,3.0,,8.0,,0.002,,,,,8,,input/4m36s.wav,10
2025-12-17 22:12:00.546,chunked,0,nvidia/parakeet-ctc-0.6b,,30,,0.061,,4741.0,3.0,,8.0,,0.002,,,,,6,,input/4m36s.wav,10
2025-12-17 22:12:00.744,chunked,7,nvidia/parakeet-ctc-0.6b,,6.201,,0.056,,4695.0,6.0,,13.0,,0.009,,,,,9,,input/4m36s.wav,10
2025-12-17 22:12:00.744,chunked,7,parakeet-ctc-0.6b,276.2,,10,,0.1,,,1.29,,1.2,,0.017,4.69,58.87,3.39,,nvidia/parakeet-ctc-0.6b,input/4m36s.wav,
2025-12-17 22:12:00.875,chunked,0,nvidia/parakeet-ctc-0.6b,,30,,0.06,,4695.0,2.0,,5.0,,0.002,,,,,7,,input/4m36s.wav,10
2025-12-17 22:12:01.223,chunked,0,nvidia/parakeet-ctc-0.6b,,30,,0.059,,4693.0,3.0,,7.0,,0.002,,,,,8,,input/4m36s.wav,10
2025-12-17 22:12:01.545,chunked,0,nvidia/parakeet-ctc-0.6b,,6.201,,0.054,,4647.0,2.0,,4.0,,0.009,,,,,9,,input/4m36s.wav,10
2025-12-17 22:12:01.546,chunked,0,parakeet-ctc-0.6b,276.2,,10,,0.1,,,1.29,,1.2,,0.017,4.71,58.63,3.4,,nvidia/parakeet-ctc-0.6b,input/4m36s.wav,
2025-12-17 22:12:01.984,chunked,9,nvidia/parakeet-ctc-0.6b,,30,,0.079,,4693.0,5.0,,10.0,,0.003,,,,,0,,input/4m36s.wav,10
2025-12-17 22:12:02.333,chunked,9,nvidia/parakeet-ctc-0.6b,,30,,0.059,,4693.0,0.0,,0.0,,0.002,,,,,1,,input/4m36s.wav,10
2025-12-17 22:12:02.674,chunked,9,nvidia/parakeet-ctc-0.6b,,30,,0.059,,4693.0,0.0,,0.0,,0.002,,,,,2,,input/4m36s.wav,10
2025-12-17 22:12:02.763,chunked,7,nvidia/parakeet-ctc-0.6b,,30,,0.06,,4741.0,0.0,,0.0,,0.002,,,,,0,,input/4m36s.wav,10
2025-12-17 22:12:03.016,chunked,9,nvidia/parakeet-ctc-0.6b,,30,,0.059,,4741.0,3.0,,7.0,,0.002,,,,,3,,input/4m36s.wav,10
2025-12-17 22:12:03.103,chunked,7,nvidia/parakeet-ctc-0.6b,,30,,0.062,,4741.0,3.0,,7.0,,0.002,,,,,1,,input/4m36s.wav,10
2025-12-17 22:12:03.353,chunked,9,nvidia/parakeet-ctc-0.6b,,30,,0.063,,4741.0,7.0,,15.0,,0.002,,,,,4,,input/4m36s.wav,10
2025-12-17 22:12:03.444,chunked,7,nvidia/parakeet-ctc-0.6b,,30,,0.066,,4741.0,5.0,,12.0,,0.002,,,,,2,,input/4m36s.wav,10
2025-12-17 22:12:03.571,chunked,0,nvidia/parakeet-ctc-0.6b,,30,,0.063,,4789.0,5.0,,12.0,,0.002,,,,,0,,input/4m36s.wav,10
2025-12-17 22:12:03.697,chunked,9,nvidia/parakeet-ctc-0.6b,,30,,0.064,,4789.0,9.0,,19.0,,0.002,,,,,5,,input/4m36s.wav,10
2025-12-17 22:12:03.784,chunked,7,nvidia/parakeet-ctc-0.6b,,30,,0.063,,4789.0,10.0,,21.0,,0.002,,,,,3,,input/4m36s.wav,10
2025-12-17 22:12:03.915,chunked,0,nvidia/parakeet-ctc-0.6b,,30,,0.063,,4789.0,10.0,,21.0,,0.002,,,,,1,,input/4m36s.wav,10
2025-12-17 22:12:04.032,chunked,9,nvidia/parakeet-ctc-0.6b,,30,,0.063,,4789.0,6.0,,14.0,,0.002,,,,,6,,input/4m36s.wav,10
2025-12-17 22:12:04.127,chunked,7,nvidia/parakeet-ctc-0.6b,,30,,0.065,,4789.0,6.0,,14.0,,0.002,,,,,4,,input/4m36s.wav,10
2025-12-17 22:12:04.254,chunked,0,nvidia/parakeet-ctc-0.6b,,30,,0.065,,4789.0,8.0,,18.0,,0.002,,,,,2,,input/4m36s.wav,10
2025-12-17 22:12:04.366,chunked,9,nvidia/parakeet-ctc-0.6b,,30,,0.063,,4789.0,8.0,,18.0,,0.002,,,,,7,,input/4m36s.wav,10
2025-12-17 22:12:04.464,chunked,7,nvidia/parakeet-ctc-0.6b,,30,,0.063,,4789.0,10.0,,21.0,,0.002,,,,,5,,input/4m36s.wav,10
2025-12-17 22:12:04.594,chunked,0,nvidia/parakeet-ctc-0.6b,,30,,0.063,,4789.0,10.0,,21.0,,0.002,,,,,3,,input/4m36s.wav,10
2025-12-17 22:12:04.702,chunked,9,nvidia/parakeet-ctc-0.6b,,30,,0.064,,4789.0,10.0,,21.0,,0.002,,,,,8,,input/4m36s.wav,10
2025-12-17 22:12:04.807,chunked,7,nvidia/parakeet-ctc-0.6b,,30,,0.064,,4789.0,9.0,,20.0,,0.002,,,,,6,,input/4m36s.wav,10
2025-12-17 22:12:04.932,chunked,0,nvidia/parakeet-ctc-0.6b,,30,,0.064,,4789.0,9.0,,20.0,,0.002,,,,,4,,input/4m36s.wav,10
2025-12-17 22:12:05.033,chunked,9,nvidia/parakeet-ctc-0.6b,,6.201,,0.059,,4743.0,6.0,,13.0,,0.01,,,,,9,,input/4m36s.wav,10
2025-12-17 22:12:05.034,chunked,9,parakeet-ctc-0.6b,276.2,,10,,0.1,,,1.29,,1.21,,0.017,4.71,58.61,3.4,,nvidia/parakeet-ctc-0.6b,input/4m36s.wav,
2025-12-17 22:12:05.148,chunked,7,nvidia/parakeet-ctc-0.6b,,30,,0.064,,4743.0,6.0,,13.0,,0.002,,,,,7,,input/4m36s.wav,10
2025-12-17 22:12:05.270,chunked,0,nvidia/parakeet-ctc-0.6b,,30,,0.065,,4743.0,6.0,,14.0,,0.002,,,,,5,,input/4m36s.wav,10
2025-12-17 22:12:05.491,chunked,7,nvidia/parakeet-ctc-0.6b,,30,,0.065,,4741.0,5.0,,11.0,,0.002,,,,,8,,input/4m36s.wav,10
2025-12-17 22:12:05.612,chunked,0,nvidia/parakeet-ctc-0.6b,,30,,0.062,,4741.0,9.0,,19.0,,0.002,,,,,6,,input/4m36s.wav,10
2025-12-17 22:12:05.828,chunked,7,nvidia/parakeet-ctc-0.6b,,6.201,,0.057,,4695.0,2.0,,4.0,,0.009,,,,,9,,input/4m36s.wav,10
2025-12-17 22:12:05.829,chunked,7,parakeet-ctc-0.6b,276.2,,10,,0.1,,,1.29,,1.25,,0.017,4.75,58.1,3.4,,nvidia/parakeet-ctc-0.6b,input/4m36s.wav,
2025-12-17 22:12:05.954,chunked,0,nvidia/parakeet-ctc-0.6b,,30,,0.069,,4695.0,2.0,,4.0,,0.002,,,,,7,,input/4m36s.wav,10
2025-12-17 22:12:06.289,chunked,0,nvidia/parakeet-ctc-0.6b,,30,,0.059,,4693.0,0.0,,0.0,,0.002,,,,,8,,input/4m36s.wav,10
2025-12-17 22:12:06.622,chunked,0,nvidia/parakeet-ctc-0.6b,,6.201,,0.054,,4647.0,1.0,,3.0,,0.009,,,,,9,,input/4m36s.wav,10
2025-12-17 22:12:06.623,chunked,0,parakeet-ctc-0.6b,276.2,,10,,0.11,,,1.29,,1.24,,0.017,4.74,58.29,3.39,,nvidia/parakeet-ctc-0.6b,input/4m36s.wav,
2025-12-17 22:12:06.983,chunked,9,nvidia/parakeet-ctc-0.6b,,30,,0.061,,4693.0,5.0,,10.0,,0.002,,,,,0,,input/4m36s.wav,10
2025-12-17 22:12:07.322,chunked,9,nvidia/parakeet-ctc-0.6b,,30,,0.056,,4693.0,0.0,,0.0,,0.002,,,,,1,,input/4m36s.wav,10
2025-12-17 22:12:07.661,chunked,9,nvidia/parakeet-ctc-0.6b,,30,,0.061,,4693.0,0.0,,0.0,,0.002,,,,,2,,input/4m36s.wav,10
2025-12-17 22:12:07.806,chunked,7,nvidia/parakeet-ctc-0.6b,,30,,0.057,,4741.0,9.0,,19.0,,0.002,,,,,0,,input/4m36s.wav,10
2025-12-17 22:12:07.995,chunked,9,nvidia/parakeet-ctc-0.6b,,30,,0.06,,4741.0,6.0,,12.0,,0.002,,,,,3,,input/4m36s.wav,10
2025-12-17 22:12:08.141,chunked,7,nvidia/parakeet-ctc-0.6b,,30,,0.062,,4741.0,6.0,,12.0,,0.002,,,,,1,,input/4m36s.wav,10
2025-12-17 22:12:08.331,chunked,9,nvidia/parakeet-ctc-0.6b,,30,,0.064,,4741.0,5.0,,11.0,,0.002,,,,,4,,input/4m36s.wav,10
2025-12-17 22:12:08.481,chunked,7,nvidia/parakeet-ctc-0.6b,,30,,0.065,,4741.0,5.0,,11.0,,0.002,,,,,2,,input/4m36s.wav,10
2025-12-17 22:12:08.595,chunked,0,nvidia/parakeet-ctc-0.6b,,30,,0.063,,4741.0,10.0,,21.0,,0.002,,,,,0,,input/4m36s.wav,10
2025-12-17 22:12:08.675,chunked,9,nvidia/parakeet-ctc-0.6b,,30,,0.066,,4789.0,10.0,,21.0,,0.002,,,,,5,,input/4m36s.wav,10
2025-12-17 22:12:08.822,chunked,7,nvidia/parakeet-ctc-0.6b,,30,,0.063,,4789.0,8.0,,17.0,,0.002,,,,,3,,input/4m36s.wav,10
2025-12-17 22:12:08.936,chunked,0,nvidia/parakeet-ctc-0.6b,,30,,0.064,,4789.0,8.0,,17.0,,0.002,,,,,1,,input/4m36s.wav,10
2025-12-17 22:12:09.022,chunked,9,nvidia/parakeet-ctc-0.6b,,30,,0.065,,4789.0,9.0,,21.0,,0.002,,,,,6,,input/4m36s.wav,10
2025-12-17 22:12:09.161,chunked,7,nvidia/parakeet-ctc-0.6b,,30,,0.066,,4789.0,9.0,,21.0,,0.002,,,,,4,,input/4m36s.wav,10
2025-12-17 22:12:09.281,chunked,0,nvidia/parakeet-ctc-0.6b,,30,,0.064,,4789.0,7.0,,15.0,,0.002,,,,,2,,input/4m36s.wav,10
2025-12-17 22:12:09.367,chunked,9,nvidia/parakeet-ctc-0.6b,,30,,0.065,,4789.0,7.0,,15.0,,0.002,,,,,7,,input/4m36s.wav,10
2025-12-17 22:12:09.500,chunked,7,nvidia/parakeet-ctc-0.6b,,30,,0.063,,4789.0,10.0,,21.0,,0.002,,,,,5,,input/4m36s.wav,10
2025-12-17 22:12:09.622,chunked,0,nvidia/parakeet-ctc-0.6b,,30,,0.064,,4789.0,8.0,,17.0,,0.002,,,,,3,,input/4m36s.wav,10
2025-12-17 22:12:09.707,chunked,9,nvidia/parakeet-ctc-0.6b,,30,,0.065,,4789.0,8.0,,17.0,,0.002,,,,,8,,input/4m36s.wav,10
2025-12-17 22:12:09.841,chunked,7,nvidia/parakeet-ctc-0.6b,,30,,0.064,,4789.0,7.0,,16.0,,0.002,,,,,6,,input/4m36s.wav,10
2025-12-17 22:12:09.962,chunked,0,nvidia/parakeet-ctc-0.6b,,30,,0.064,,4789.0,7.0,,16.0,,0.002,,,,,4,,input/4m36s.wav,10
2025-12-17 22:12:10.042,chunked,9,nvidia/parakeet-ctc-0.6b,,6.201,,0.059,,4743.0,9.0,,20.0,,0.009,,,,,9,,input/4m36s.wav,10
2025-12-17 22:12:10.043,chunked,9,parakeet-ctc-0.6b,276.2,,10,,0.1,,,1.29,,1.18,,0.017,4.67,59.09,3.39,,nvidia/parakeet-ctc-0.6b,input/4m36s.wav,
2025-12-17 22:12:10.182,chunked,7,nvidia/parakeet-ctc-0.6b,,30,,0.066,,4743.0,7.0,,15.0,,0.002,,,,,7,,input/4m36s.wav,10
2025-12-17 22:12:10.301,chunked,0,nvidia/parakeet-ctc-0.6b,,30,,0.063,,4743.0,7.0,,15.0,,0.002,,,,,5,,input/4m36s.wav,10
2025-12-17 22:12:10.520,chunked,7,nvidia/parakeet-ctc-0.6b,,30,,0.061,,4741.0,5.0,,11.0,,0.002,,,,,8,,input/4m36s.wav,10
2025-12-17 22:12:10.644,chunked,0,nvidia/parakeet-ctc-0.6b,,30,,0.061,,4741.0,5.0,,11.0,,0.002,,,,,6,,input/4m36s.wav,10
2025-12-17 22:12:10.848,chunked,7,nvidia/parakeet-ctc-0.6b,,6.201,,0.056,,4695.0,5.0,,10.0,,0.009,,,,,9,,input/4m36s.wav,10
2025-12-17 22:12:10.849,chunked,7,parakeet-ctc-0.6b,276.2,,10,,0.1,,,1.29,,1.21,,0.017,4.69,58.91,3.37,,nvidia/parakeet-ctc-0.6b,input/4m36s.wav,
2025-12-17 22:12:10.981,chunked,0,nvidia/parakeet-ctc-0.6b,,30,,0.061,,4695.0,7.0,,16.0,,0.002,,,,,7,,input/4m36s.wav,10
2025-12-17 22:12:11.312,chunked,0,nvidia/parakeet-ctc-0.6b,,30,,0.059,,4693.0,0.0,,0.0,,0.002,,,,,8,,input/4m36s.wav,10
2025-12-17 22:12:11.647,chunked,0,nvidia/parakeet-ctc-0.6b,,6.201,,0.054,,4647.0,0.0,,0.0,,0.009,,,,,9,,input/4m36s.wav,10
2025-12-17 22:12:11.648,chunked,0,parakeet-ctc-0.6b,276.2,,10,,0.11,,,1.29,,1.2,,0.017,4.71,58.69,3.4,,nvidia/parakeet-ctc-0.6b,input/4m36s.wav,
2025-12-17 22:12:12.001,chunked,9,nvidia/parakeet-ctc-0.6b,,30,,0.056,,4693.0,4.0,,9.0,,0.002,,,,,0,,input/4m36s.wav,10
2025-12-17 22:12:12.326,chunked,9,nvidia/parakeet-ctc-0.6b,,30,,0.057,,4693.0,0.0,,1.0,,0.002,,,,,1,,input/4m36s.wav,10
2025-12-17 22:12:12.653,chunked,9,nvidia/parakeet-ctc-0.6b,,30,,0.061,,4693.0,0.0,,0.0,,0.002,,,,,2,,input/4m36s.wav,10
2025-12-17 22:12:12.840,chunked,7,nvidia/parakeet-ctc-0.6b,,30,,0.06,,4741.0,5.0,,11.0,,0.002,,,,,0,,input/4m36s.wav,10
2025-12-17 22:12:12.984,chunked,9,nvidia/parakeet-ctc-0.6b,,30,,0.06,,4741.0,9.0,,20.0,,0.002,,,,,3,,input/4m36s.wav,10
2025-12-17 22:12:13.175,chunked,7,nvidia/parakeet-ctc-0.6b,,30,,0.061,,4741.0,5.0,,11.0,,0.002,,,,,1,,input/4m36s.wav,10
2025-12-17 22:12:13.314,chunked,9,nvidia/parakeet-ctc-0.6b,,30,,0.06,,4741.0,5.0,,11.0,,0.002,,,,,4,,input/4m36s.wav,10
2025-12-17 22:12:13.507,chunked,7,nvidia/parakeet-ctc-0.6b,,30,,0.062,,4741.0,5.0,,11.0,,0.002,,,,,2,,input/4m36s.wav,10
2025-12-17 22:12:13.633,chunked,0,nvidia/parakeet-ctc-0.6b,,30,,0.064,,4789.0,6.0,,13.0,,0.002,,,,,0,,input/4m36s.wav,10
2025-12-17 22:12:13.648,chunked,9,nvidia/parakeet-ctc-0.6b,,30,,0.062,,4789.0,6.0,,13.0,,0.002,,,,,5,,input/4m36s.wav,10
2025-12-17 22:12:13.852,chunked,7,nvidia/parakeet-ctc-0.6b,,30,,0.063,,4789.0,9.0,,20.0,,0.002,,,,,3,,input/4m36s.wav,10
2025-12-17 22:12:13.981,chunked,0,nvidia/parakeet-ctc-0.6b,,30,,0.062,,4789.0,15.0,,32.0,,0.002,,,,,1,,input/4m36s.wav,10
2025-12-17 22:12:13.999,chunked,9,nvidia/parakeet-ctc-0.6b,,30,,0.064,,4789.0,15.0,,32.0,,0.002,,,,,6,,input/4m36s.wav,10
2025-12-17 22:12:14.193,chunked,7,nvidia/parakeet-ctc-0.6b,,30,,0.064,,4789.0,5.0,,11.0,,0.002,,,,,4,,input/4m36s.wav,10
2025-12-17 22:12:14.321,chunked,0,nvidia/parakeet-ctc-0.6b,,30,,0.065,,4789.0,5.0,,11.0,,0.002,,,,,2,,input/4m36s.wav,10
2025-12-17 22:12:14.339,chunked,9,nvidia/parakeet-ctc-0.6b,,30,,0.061,,4789.0,5.0,,11.0,,0.002,,,,,7,,input/4m36s.wav,10
2025-12-17 22:12:14.534,chunked,7,nvidia/parakeet-ctc-0.6b,,30,,0.063,,4789.0,10.0,,23.0,,0.002,,,,,5,,input/4m36s.wav,10
2025-12-17 22:12:14.662,chunked,0,nvidia/parakeet-ctc-0.6b,,30,,0.064,,4789.0,5.0,,11.0,,0.002,,,,,3,,input/4m36s.wav,10
2025-12-17 22:12:14.679,chunked,9,nvidia/parakeet-ctc-0.6b,,30,,0.063,,4789.0,5.0,,11.0,,0.002,,,,,8,,input/4m36s.wav,10
2025-12-17 22:12:14.879,chunked,7,nvidia/parakeet-ctc-0.6b,,30,,0.064,,4789.0,10.0,,22.0,,0.002,,,,,6,,input/4m36s.wav,10
2025-12-17 22:12:14.999,chunked,0,nvidia/parakeet-ctc-0.6b,,30,,0.063,,4743.0,11.0,,28.0,,0.002,,,,,4,,input/4m36s.wav,10
2025-12-17 22:12:15.019,chunked,9,nvidia/parakeet-ctc-0.6b,,6.201,,0.058,,4743.0,11.0,,28.0,,0.009,,,,,9,,input/4m36s.wav,10
2025-12-17 22:12:15.020,chunked,9,parakeet-ctc-0.6b,276.2,,10,,0.1,,,1.29,,1.2,,0.017,4.65,59.41,3.35,,nvidia/parakeet-ctc-0.6b,input/4m36s.wav,
2025-12-17 22:12:15.227,chunked,7,nvidia/parakeet-ctc-0.6b,,30,,0.062,,4743.0,2.0,,5.0,,0.002,,,,,7,,input/4m36s.wav,10
2025-12-17 22:12:15.339,chunked,0,nvidia/parakeet-ctc-0.6b,,30,,0.061,,4741.0,2.0,,5.0,,0.002,,,,,5,,input/4m36s.wav,10
2025-12-17 22:12:15.579,chunked,7,nvidia/parakeet-ctc-0.6b,,30,,0.06,,4741.0,5.0,,11.0,,0.002,,,,,8,,input/4m36s.wav,10
2025-12-17 22:12:15.684,chunked,0,nvidia/parakeet-ctc-0.6b,,30,,0.062,,4741.0,5.0,,11.0,,0.002,,,,,6,,input/4m36s.wav,10
2025-12-17 22:12:15.919,chunked,7,nvidia/parakeet-ctc-0.6b,,6.201,,0.056,,4695.0,5.0,,11.0,,0.009,,,,,9,,input/4m36s.wav,10
2025-12-17 22:12:15.920,chunked,7,parakeet-ctc-0.6b,276.2,,10,,0.11,,,1.29,,1.22,,0.017,4.75,58.2,3.42,,nvidia/parakeet-ctc-0.6b,input/4m36s.wav,
2025-12-17 22:12:16.019,chunked,0,nvidia/parakeet-ctc-0.6b,,30,,0.06,,4695.0,5.0,,12.0,,0.002,,,,,7,,input/4m36s.wav,10
2025-12-17 22:12:16.359,chunked,0,nvidia/parakeet-ctc-0.6b,,30,,0.059,,4693.0,2.0,,4.0,,0.002,,,,,8,,input/4m36s.wav,10
2025-12-17 22:12:16.713,chunked,0,nvidia/parakeet-ctc-0.6b,,6.201,,0.074,,4647.0,0.0,,0.0,,0.012,,,,,9,,input/4m36s.wav,10
2025-12-17 22:12:16.714,chunked,0,parakeet-ctc-0.6b,276.2,,10,,0.13,,,1.29,,1.18,,0.017,4.73,58.38,3.42,,nvidia/parakeet-ctc-0.6b,input/4m36s.wav,
2025-12-17 22:12:17.083,chunked,9,nvidia/parakeet-ctc-0.6b,,30,,0.066,,4693.0,0.0,,0.0,,0.002,,,,,0,,input/4m36s.wav,10
2025-12-17 22:12:17.413,chunked,9,nvidia/parakeet-ctc-0.6b,,30,,0.058,,4693.0,3.0,,7.0,,0.002,,,,,1,,input/4m36s.wav,10
2025-12-17 22:12:17.741,chunked,9,nvidia/parakeet-ctc-0.6b,,30,,0.06,,4693.0,2.0,,4.0,,0.002,,,,,2,,input/4m36s.wav,10
2025-12-17 22:12:17.898,chunked,7,nvidia/parakeet-ctc-0.6b,,30,,0.061,,4741.0,5.0,,11.0,,0.002,,,,,0,,input/4m36s.wav,10
2025-12-17 22:12:18.072,chunked,9,nvidia/parakeet-ctc-0.6b,,30,,0.059,,4741.0,5.0,,10.0,,0.002,,,,,3,,input/4m36s.wav,10
2025-12-17 22:12:18.238,chunked,7,nvidia/parakeet-ctc-0.6b,,30,,0.059,,4741.0,5.0,,12.0,,0.002,,,,,1,,input/4m36s.wav,10
2025-12-17 22:12:18.407,chunked,9,nvidia/parakeet-ctc-0.6b,,30,,0.063,,4741.0,8.0,,18.0,,0.002,,,,,4,,input/4m36s.wav,10
2025-12-17 22:12:18.580,chunked,7,nvidia/parakeet-ctc-0.6b,,30,,0.064,,4741.0,6.0,,13.0,,0.002,,,,,2,,input/4m36s.wav,10
2025-12-17 22:12:18.682,chunked,0,nvidia/parakeet-ctc-0.6b,,30,,0.064,,4741.0,6.0,,13.0,,0.002,,,,,0,,input/4m36s.wav,10
2025-12-17 22:12:18.759,chunked,9,nvidia/parakeet-ctc-0.6b,,30,,0.072,,4789.0,6.0,,13.0,,0.002,,,,,5,,input/4m36s.wav,10
2025-12-17 22:12:18.919,chunked,7,nvidia/parakeet-ctc-0.6b,,30,,0.061,,4789.0,10.0,,21.0,,0.002,,,,,3,,input/4m36s.wav,10
2025-12-17 22:12:19.027,chunked,0,nvidia/parakeet-ctc-0.6b,,30,,0.062,,4741.0,6.0,,14.0,,0.002,,,,,1,,input/4m36s.wav,10
2025-12-17 22:12:19.099,chunked,9,nvidia/parakeet-ctc-0.6b,,30,,0.064,,4789.0,6.0,,14.0,,0.002,,,,,6,,input/4m36s.wav,10
2025-12-17 22:12:19.263,chunked,7,nvidia/parakeet-ctc-0.6b,,30,,0.063,,4789.0,8.0,,18.0,,0.002,,,,,4,,input/4m36s.wav,10
2025-12-17 22:12:19.366,chunked,0,nvidia/parakeet-ctc-0.6b,,30,,0.063,,4741.0,8.0,,18.0,,0.002,,,,,2,,input/4m36s.wav,10
2025-12-17 22:12:19.438,chunked,9,nvidia/parakeet-ctc-0.6b,,30,,0.06,,4789.0,10.0,,22.0,,0.002,,,,,7,,input/4m36s.wav,10
2025-12-17 22:12:19.607,chunked,7,nvidia/parakeet-ctc-0.6b,,30,,0.064,,4789.0,8.0,,18.0,,0.002,,,,,5,,input/4m36s.wav,10
2025-12-17 22:12:19.707,chunked,0,nvidia/parakeet-ctc-0.6b,,30,,0.064,,4741.0,8.0,,18.0,,0.002,,,,,3,,input/4m36s.wav,10
2025-12-17 22:12:19.781,chunked,9,nvidia/parakeet-ctc-0.6b,,30,,0.067,,4789.0,11.0,,24.0,,0.002,,,,,8,,input/4m36s.wav,10
2025-12-17 22:12:19.957,chunked,7,nvidia/parakeet-ctc-0.6b,,30,,0.062,,4789.0,11.0,,24.0,,0.002,,,,,6,,input/4m36s.wav,10
2025-12-17 22:12:20.042,chunked,0,nvidia/parakeet-ctc-0.6b,,30,,0.061,,4769.0,5.0,,11.0,,0.002,,,,,4,,input/4m36s.wav,10
2025-12-17 22:12:20.123,chunked,9,nvidia/parakeet-ctc-0.6b,,6.201,,0.059,,4743.0,5.0,,11.0,,0.01,,,,,9,,input/4m36s.wav,10
2025-12-17 22:12:20.124,chunked,9,parakeet-ctc-0.6b,276.2,,10,,0.13,,,1.29,,1.27,,0.017,4.77,57.85,3.38,,nvidia/parakeet-ctc-0.6b,input/4m36s.wav,
2025-12-17 22:12:20.303,chunked,7,nvidia/parakeet-ctc-0.6b,,30,,0.063,,4743.0,7.0,,15.0,,0.002,,,,,7,,input/4m36s.wav,10
2025-12-17 22:12:20.387,chunked,0,nvidia/parakeet-ctc-0.6b,,30,,0.063,,4743.0,10.0,,21.0,,0.002,,,,,5,,input/4m36s.wav,10
2025-12-17 22:12:20.658,chunked,7,nvidia/parakeet-ctc-0.6b,,30,,0.06,,4693.0,0.0,,0.0,,0.002,,,,,8,,input/4m36s.wav,10
2025-12-17 22:12:20.725,chunked,0,nvidia/parakeet-ctc-0.6b,,30,,0.064,,4741.0,0.0,,0.0,,0.002,,,,,6,,input/4m36s.wav,10
2025-12-17 22:12:20.997,chunked,7,nvidia/parakeet-ctc-0.6b,,6.201,,0.056,,4647.0,2.0,,5.0,,0.009,,,,,9,,input/4m36s.wav,10
2025-12-17 22:12:20.998,chunked,7,parakeet-ctc-0.6b,276.2,,10,,0.1,,,1.29,,1.21,,0.017,4.75,58.17,3.43,,nvidia/parakeet-ctc-0.6b,input/4m36s.wav,
2025-12-17 22:12:21.064,chunked,0,nvidia/parakeet-ctc-0.6b,,30,,0.063,,4695.0,2.0,,5.0,,0.002,,,,,7,,input/4m36s.wav,10
2025-12-17 22:12:21.429,chunked,0,nvidia/parakeet-ctc-0.6b,,30,,0.093,,4693.0,3.0,,6.0,,0.003,,,,,8,,input/4m36s.wav,10
2025-12-17 22:12:21.760,chunked,0,nvidia/parakeet-ctc-0.6b,,6.201,,0.055,,4647.0,2.0,,5.0,,0.009,,,,,9,,input/4m36s.wav,10
2025-12-17 22:12:21.761,chunked,0,parakeet-ctc-0.6b,276.2,,10,,0.11,,,1.29,,1.19,,0.017,4.72,58.5,3.42,,nvidia/parakeet-ctc-0.6b,input/4m36s.wav,
2025-12-17 22:12:22.119,chunked,9,nvidia/parakeet-ctc-0.6b,,30,,0.06,,4693.0,0.0,,0.0,,0.002,,,,,0,,input/4m36s.wav,10
2025-12-17 22:12:22.445,chunked,9,nvidia/parakeet-ctc-0.6b,,30,,0.058,,4693.0,0.0,,1.0,,0.002,,,,,1,,input/4m36s.wav,10
2025-12-17 22:12:22.799,chunked,9,nvidia/parakeet-ctc-0.6b,,30,,0.076,,4693.0,5.0,,11.0,,0.003,,,,,2,,input/4m36s.wav,10
2025-12-17 22:12:22.951,chunked,7,nvidia/parakeet-ctc-0.6b,,30,,0.059,,4741.0,5.0,,11.0,,0.002,,,,,0,,input/4m36s.wav,10
2025-12-17 22:12:23.136,chunked,9,nvidia/parakeet-ctc-0.6b,,30,,0.06,,4741.0,5.0,,10.0,,0.002,,,,,3,,input/4m36s.wav,10
2025-12-17 22:12:23.282,chunked,7,nvidia/parakeet-ctc-0.6b,,30,,0.058,,4741.0,5.0,,11.0,,0.002,,,,,1,,input/4m36s.wav,10
2025-12-17 22:12:23.471,chunked,9,nvidia/parakeet-ctc-0.6b,,30,,0.06,,4741.0,5.0,,11.0,,0.002,,,,,4,,input/4m36s.wav,10
2025-12-17 22:12:23.619,chunked,7,nvidia/parakeet-ctc-0.6b,,30,,0.063,,4741.0,7.0,,15.0,,0.002,,,,,2,,input/4m36s.wav,10
2025-12-17 22:12:23.758,chunked,0,nvidia/parakeet-ctc-0.6b,,30,,0.063,,4789.0,7.0,,15.0,,0.002,,,,,0,,input/4m36s.wav,10
2025-12-17 22:12:23.811,chunked,9,nvidia/parakeet-ctc-0.6b,,30,,0.063,,4789.0,11.0,,23.0,,0.002,,,,,5,,input/4m36s.wav,10
2025-12-17 22:12:23.959,chunked,7,nvidia/parakeet-ctc-0.6b,,30,,0.063,,4789.0,11.0,,23.0,,0.002,,,,,3,,input/4m36s.wav,10
2025-12-17 22:12:24.099,chunked,0,nvidia/parakeet-ctc-0.6b,,30,,0.062,,4789.0,6.0,,14.0,,0.002,,,,,1,,input/4m36s.wav,10
2025-12-17 22:12:24.151,chunked,9,nvidia/parakeet-ctc-0.6b,,30,,0.064,,4789.0,6.0,,14.0,,0.002,,,,,6,,input/4m36s.wav,10
2025-12-17 22:12:24.302,chunked,7,nvidia/parakeet-ctc-0.6b,,30,,0.063,,4789.0,10.0,,21.0,,0.002,,,,,4,,input/4m36s.wav,10
2025-12-17 22:12:24.442,chunked,0,nvidia/parakeet-ctc-0.6b,,30,,0.064,,4789.0,5.0,,11.0,,0.002,,,,,2,,input/4m36s.wav,10
2025-12-17 22:12:24.488,chunked,9,nvidia/parakeet-ctc-0.6b,,30,,0.061,,4789.0,5.0,,11.0,,0.002,,,,,7,,input/4m36s.wav,10
2025-12-17 22:12:24.644,chunked,7,nvidia/parakeet-ctc-0.6b,,30,,0.064,,4789.0,10.0,,21.0,,0.002,,,,,5,,input/4m36s.wav,10
2025-12-17 22:12:24.798,chunked,0,nvidia/parakeet-ctc-0.6b,,30,,0.063,,4789.0,10.0,,23.0,,0.002,,,,,3,,input/4m36s.wav,10
2025-12-17 22:12:24.838,chunked,9,nvidia/parakeet-ctc-0.6b,,30,,0.067,,4789.0,10.0,,23.0,,0.002,,,,,8,,input/4m36s.wav,10
2025-12-17 22:12:24.982,chunked,7,nvidia/parakeet-ctc-0.6b,,30,,0.064,,4789.0,9.0,,19.0,,0.002,,,,,6,,input/4m36s.wav,10
2025-12-17 22:12:25.140,chunked,0,nvidia/parakeet-ctc-0.6b,,30,,0.063,,4743.0,9.0,,19.0,,0.002,,,,,4,,input/4m36s.wav,10
2025-12-17 22:12:25.178,chunked,9,nvidia/parakeet-ctc-0.6b,,6.201,,0.06,,4743.0,7.0,,17.0,,0.01,,,,,9,,input/4m36s.wav,10
2025-12-17 22:12:25.178,chunked,9,parakeet-ctc-0.6b,276.2,,10,,0.1,,,1.29,,1.23,,0.017,4.72,58.48,3.39,,nvidia/parakeet-ctc-0.6b,input/4m36s.wav,
2025-12-17 22:12:25.322,chunked,7,nvidia/parakeet-ctc-0.6b,,30,,0.067,,4743.0,7.0,,17.0,,0.002,,,,,7,,input/4m36s.wav,10
2025-12-17 22:12:25.479,chunked,0,nvidia/parakeet-ctc-0.6b,,30,,0.064,,4741.0,5.0,,11.0,,0.002,,,,,5,,input/4m36s.wav,10
2025-12-17 22:12:25.663,chunked,7,nvidia/parakeet-ctc-0.6b,,30,,0.06,,4741.0,5.0,,11.0,,0.002,,,,,8,,input/4m36s.wav,10
2025-12-17 22:12:25.820,chunked,0,nvidia/parakeet-ctc-0.6b,,30,,0.065,,4741.0,7.0,,15.0,,0.002,,,,,6,,input/4m36s.wav,10
2025-12-17 22:12:25.997,chunked,7,nvidia/parakeet-ctc-0.6b,,6.201,,0.055,,4695.0,5.0,,11.0,,0.009,,,,,9,,input/4m36s.wav,10
2025-12-17 22:12:25.997,chunked,7,parakeet-ctc-0.6b,276.2,,10,,0.1,,,1.29,,1.19,,0.017,4.66,59.23,3.37,,nvidia/parakeet-ctc-0.6b,input/4m36s.wav,
2025-12-17 22:12:26.156,chunked,0,nvidia/parakeet-ctc-0.6b,,30,,0.064,,4695.0,5.0,,11.0,,0.002,,,,,7,,input/4m36s.wav,10
2025-12-17 22:12:26.501,chunked,0,nvidia/parakeet-ctc-0.6b,,30,,0.059,,4693.0,0.0,,0.0,,0.002,,,,,8,,input/4m36s.wav,10
2025-12-17 22:12:26.849,chunked,0,nvidia/parakeet-ctc-0.6b,,6.201,,0.066,,4647.0,0.0,,1.0,,0.011,,,,,9,,input/4m36s.wav,10
2025-12-17 22:12:26.850,chunked,0,parakeet-ctc-0.6b,276.2,,10,,0.1,,,1.29,,1.21,,0.017,4.75,58.2,3.43,,nvidia/parakeet-ctc-0.6b,input/4m36s.wav,
2025-12-17 22:12:27.136,chunked,9,nvidia/parakeet-ctc-0.6b,,30,,0.06,,4695.0,2.0,,5.0,,0.002,,,,,0,,input/4m36s.wav,10
2025-12-17 22:12:27.475,chunked,9,nvidia/parakeet-ctc-0.6b,,30,,0.057,,4693.0,0.0,,0.0,,0.002,,,,,1,,input/4m36s.wav,10
2025-12-17 22:12:27.825,chunked,9,nvidia/parakeet-ctc-0.6b,,30,,0.073,,4693.0,3.0,,6.0,,0.002,,,,,2,,input/4m36s.wav,10
2025-12-17 22:12:27.996,chunked,7,nvidia/parakeet-ctc-0.6b,,30,,0.062,,4741.0,7.0,,14.0,,0.002,,,,,0,,input/4m36s.wav,10
2025-12-17 22:12:28.155,chunked,9,nvidia/parakeet-ctc-0.6b,,30,,0.06,,4741.0,7.0,,14.0,,0.002,,,,,3,,input/4m36s.wav,10
2025-12-17 22:12:28.328,chunked,7,nvidia/parakeet-ctc-0.6b,,30,,0.06,,4741.0,5.0,,11.0,,0.002,,,,,1,,input/4m36s.wav,10
2025-12-17 22:12:28.496,chunked,9,nvidia/parakeet-ctc-0.6b,,30,,0.058,,4741.0,5.0,,11.0,,0.002,,,,,4,,input/4m36s.wav,10
2025-12-17 22:12:28.668,chunked,7,nvidia/parakeet-ctc-0.6b,,30,,0.065,,4741.0,5.0,,11.0,,0.002,,,,,2,,input/4m36s.wav,10
2025-12-17 22:12:28.835,chunked,9,nvidia/parakeet-ctc-0.6b,,30,,0.064,,4789.0,6.0,,13.0,,0.002,,,,,5,,input/4m36s.wav,10
2025-12-17 22:12:28.836,chunked,0,nvidia/parakeet-ctc-0.6b,,30,,0.075,,4789.0,6.0,,13.0,,0.003,,,,,0,,input/4m36s.wav,10
2025-12-17 22:12:29.016,chunked,7,nvidia/parakeet-ctc-0.6b,,30,,0.065,,4789.0,12.0,,27.0,,0.002,,,,,3,,input/4m36s.wav,10
2025-12-17 22:12:29.179,chunked,0,nvidia/parakeet-ctc-0.6b,,30,,0.065,,4789.0,11.0,,26.0,,0.002,,,,,1,,input/4m36s.wav,10
2025-12-17 22:12:29.181,chunked,9,nvidia/parakeet-ctc-0.6b,,30,,0.07,,4789.0,11.0,,26.0,,0.002,,,,,6,,input/4m36s.wav,10
2025-12-17 22:12:29.360,chunked,7,nvidia/parakeet-ctc-0.6b,,30,,0.065,,4789.0,11.0,,26.0,,0.002,,,,,4,,input/4m36s.wav,10
2025-12-17 22:12:29.516,chunked,0,nvidia/parakeet-ctc-0.6b,,30,,0.065,,4789.0,5.0,,11.0,,0.002,,,,,2,,input/4m36s.wav,10
2025-12-17 22:12:29.518,chunked,9,nvidia/parakeet-ctc-0.6b,,30,,0.068,,4789.0,5.0,,11.0,,0.002,,,,,7,,input/4m36s.wav,10
2025-12-17 22:12:29.704,chunked,7,nvidia/parakeet-ctc-0.6b,,30,,0.065,,4789.0,10.0,,23.0,,0.002,,,,,5,,input/4m36s.wav,10
2025-12-17 22:12:29.857,chunked,0,nvidia/parakeet-ctc-0.6b,,30,,0.064,,4789.0,5.0,,11.0,,0.002,,,,,3,,input/4m36s.wav,10
2025-12-17 22:12:29.858,chunked,9,nvidia/parakeet-ctc-0.6b,,30,,0.069,,4789.0,5.0,,11.0,,0.002,,,,,8,,input/4m36s.wav,10
2025-12-17 22:12:30.055,chunked,7,nvidia/parakeet-ctc-0.6b,,30,,0.065,,4789.0,10.0,,23.0,,0.002,,,,,6,,input/4m36s.wav,10
2025-12-17 22:12:30.197,chunked,9,nvidia/parakeet-ctc-0.6b,,6.201,,0.058,,4743.0,12.0,,30.0,,0.009,,,,,9,,input/4m36s.wav,10
2025-12-17 22:12:30.198,chunked,0,nvidia/parakeet-ctc-0.6b,,30,,0.063,,4743.0,12.0,,30.0,,0.002,,,,,4,,input/4m36s.wav,10
2025-12-17 22:12:30.198,chunked,9,parakeet-ctc-0.6b,276.2,,10,,0.11,,,1.29,,1.2,,0.017,4.69,58.86,3.39,,nvidia/parakeet-ctc-0.6b,input/4m36s.wav,
2025-12-17 22:12:30.404,chunked,7,nvidia/parakeet-ctc-0.6b,,30,,0.064,,4743.0,4.0,,9.0,,0.002,,,,,7,,input/4m36s.wav,10
2025-12-17 22:12:30.534,chunked,0,nvidia/parakeet-ctc-0.6b,,30,,0.061,,4741.0,4.0,,9.0,,0.002,,,,,5,,input/4m36s.wav,10
2025-12-17 22:12:30.755,chunked,7,nvidia/parakeet-ctc-0.6b,,30,,0.061,,4741.0,6.0,,13.0,,0.002,,,,,8,,input/4m36s.wav,10
2025-12-17 22:12:30.874,chunked,0,nvidia/parakeet-ctc-0.6b,,30,,0.062,,4741.0,5.0,,11.0,,0.002,,,,,6,,input/4m36s.wav,10
2025-12-17 22:12:31.094,chunked,7,nvidia/parakeet-ctc-0.6b,,6.201,,0.056,,4695.0,5.0,,11.0,,0.009,,,,,9,,input/4m36s.wav,10
2025-12-17 22:12:31.095,chunked,7,parakeet-ctc-0.6b,276.2,,10,,0.11,,,1.29,,1.22,,0.017,4.77,57.94,3.44,,nvidia/parakeet-ctc-0.6b,input/4m36s.wav,
2025-12-17 22:12:31.208,chunked,0,nvidia/parakeet-ctc-0.6b,,30,,0.061,,4695.0,5.0,,13.0,,0.002,,,,,7,,input/4m36s.wav,10
2025-12-17 22:12:31.540,chunked,0,nvidia/parakeet-ctc-0.6b,,30,,0.062,,4693.0,1.0,,3.0,,0.002,,,,,8,,input/4m36s.wav,10
2025-12-17 22:12:31.863,chunked,0,nvidia/parakeet-ctc-0.6b,,6.201,,0.055,,4647.0,0.0,,0.0,,0.009,,,,,9,,input/4m36s.wav,10
2025-12-17 22:12:31.864,chunked,0,parakeet-ctc-0.6b,276.2,,10,,0.11,,,1.29,,1.19,,0.017,4.68,59.07,3.38,,nvidia/parakeet-ctc-0.6b,input/4m36s.wav,
2025-12-17 22:12:32.194,chunked,9,nvidia/parakeet-ctc-0.6b,,30,,0.06,,4693.0,5.0,,10.0,,0.002,,,,,0,,input/4m36s.wav,10
2025-12-17 22:12:32.523,chunked,9,nvidia/parakeet-ctc-0.6b,,30,,0.058,,4693.0,0.0,,0.0,,0.002,,,,,1,,input/4m36s.wav,10
2025-12-17 22:12:32.855,chunked,9,nvidia/parakeet-ctc-0.6b,,30,,0.06,,4693.0,0.0,,0.0,,0.002,,,,,2,,input/4m36s.wav,10
2025-12-17 22:12:33.160,chunked,7,nvidia/parakeet-ctc-0.6b,,30,,0.06,,4741.0,5.0,,11.0,,0.002,,,,,0,,input/4m36s.wav,10
2025-12-17 22:12:33.182,chunked,9,nvidia/parakeet-ctc-0.6b,,30,,0.058,,4741.0,10.0,,21.0,,0.002,,,,,3,,input/4m36s.wav,10
2025-12-17 22:12:33.494,chunked,7,nvidia/parakeet-ctc-0.6b,,30,,0.06,,4741.0,0.0,,0.0,,0.002,,,,,1,,input/4m36s.wav,10
2025-12-17 22:12:33.534,chunked,9,nvidia/parakeet-ctc-0.6b,,30,,0.08,,4741.0,0.0,,0.0,,0.003,,,,,4,,input/4m36s.wav,10
2025-12-17 22:12:33.833,chunked,7,nvidia/parakeet-ctc-0.6b,,30,,0.062,,4693.0,1.0,,2.0,,0.002,,,,,2,,input/4m36s.wav,10
2025-12-17 22:12:33.914,chunked,9,nvidia/parakeet-ctc-0.6b,,30,,0.077,,4789.0,1.0,,2.0,,0.003,,,,,5,,input/4m36s.wav,10
2025-12-17 22:12:33.935,chunked,0,nvidia/parakeet-ctc-0.6b,,30,,0.061,,4789.0,1.0,,2.0,,0.002,,,,,0,,input/4m36s.wav,10
2025-12-17 22:12:34.179,chunked,7,nvidia/parakeet-ctc-0.6b,,30,,0.063,,4769.0,5.0,,11.0,,0.002,,,,,3,,input/4m36s.wav,10
2025-12-17 22:12:34.268,chunked,9,nvidia/parakeet-ctc-0.6b,,30,,0.064,,4789.0,5.0,,11.0,,0.002,,,,,6,,input/4m36s.wav,10
2025-12-17 22:12:34.269,chunked,0,nvidia/parakeet-ctc-0.6b,,30,,0.064,,4789.0,5.0,,11.0,,0.002,,,,,1,,input/4m36s.wav,10
2025-12-17 22:12:34.514,chunked,7,nvidia/parakeet-ctc-0.6b,,30,,0.059,,4789.0,10.0,,23.0,,0.002,,,,,4,,input/4m36s.wav,10
2025-12-17 22:12:34.613,chunked,9,nvidia/parakeet-ctc-0.6b,,30,,0.064,,4789.0,12.0,,26.0,,0.002,,,,,7,,input/4m36s.wav,10
2025-12-17 22:12:34.614,chunked,0,nvidia/parakeet-ctc-0.6b,,30,,0.07,,4789.0,12.0,,26.0,,0.002,,,,,2,,input/4m36s.wav,10
2025-12-17 22:12:34.854,chunked,7,nvidia/parakeet-ctc-0.6b,,30,,0.061,,4789.0,3.0,,7.0,,0.002,,,,,5,,input/4m36s.wav,10
2025-12-17 22:12:34.953,chunked,9,nvidia/parakeet-ctc-0.6b,,30,,0.065,,4789.0,3.0,,7.0,,0.002,,,,,8,,input/4m36s.wav,10
2025-12-17 22:12:34.955,chunked,0,nvidia/parakeet-ctc-0.6b,,30,,0.069,,4789.0,3.0,,7.0,,0.002,,,,,3,,input/4m36s.wav,10
2025-12-17 22:12:35.194,chunked,7,nvidia/parakeet-ctc-0.6b,,30,,0.064,,4789.0,5.0,,10.0,,0.002,,,,,6,,input/4m36s.wav,10
2025-12-17 22:12:35.285,chunked,9,nvidia/parakeet-ctc-0.6b,,6.201,,0.057,,4743.0,5.0,,10.0,,0.009,,,,,9,,input/4m36s.wav,10
2025-12-17 22:12:35.286,chunked,9,parakeet-ctc-0.6b,276.2,,10,,0.1,,,1.29,,1.23,,0.017,4.76,58.07,3.43,,nvidia/parakeet-ctc-0.6b,input/4m36s.wav,
2025-12-17 22:12:35.299,chunked,0,nvidia/parakeet-ctc-0.6b,,30,,0.065,,4743.0,5.0,,10.0,,0.002,,,,,4,,input/4m36s.wav,10
2025-12-17 22:12:35.535,chunked,7,nvidia/parakeet-ctc-0.6b,,30,,0.063,,4743.0,7.0,,21.0,,0.002,,,,,7,,input/4m36s.wav,10
2025-12-17 22:12:35.638,chunked,0,nvidia/parakeet-ctc-0.6b,,30,,0.063,,4741.0,5.0,,11.0,,0.002,,,,,5,,input/4m36s.wav,10
2025-12-17 22:12:35.886,chunked,7,nvidia/parakeet-ctc-0.6b,,30,,0.061,,4741.0,5.0,,10.0,,0.002,,,,,8,,input/4m36s.wav,10
2025-12-17 22:12:35.979,chunked,0,nvidia/parakeet-ctc-0.6b,,30,,0.064,,4741.0,10.0,,21.0,,0.002,,,,,6,,input/4m36s.wav,10
2025-12-17 22:12:36.216,chunked,7,nvidia/parakeet-ctc-0.6b,,6.201,,0.057,,4695.0,1.0,,2.0,,0.009,,,,,9,,input/4m36s.wav,10
2025-12-17 22:12:36.217,chunked,7,parakeet-ctc-0.6b,276.2,,10,,0.1,,,1.29,,1.3,,0.017,4.8,57.58,3.39,,nvidia/parakeet-ctc-0.6b,input/4m36s.wav,
2025-12-17 22:12:36.324,chunked,0,nvidia/parakeet-ctc-0.6b,,30,,0.071,,4695.0,1.0,,2.0,,0.002,,,,,7,,input/4m36s.wav,10
2025-12-17 22:12:36.656,chunked,0,nvidia/parakeet-ctc-0.6b,,30,,0.062,,4693.0,0.0,,0.0,,0.002,,,,,8,,input/4m36s.wav,10
2025-12-17 22:12:36.981,chunked,0,nvidia/parakeet-ctc-0.6b,,6.201,,0.059,,4647.0,2.0,,5.0,,0.009,,,,,9,,input/4m36s.wav,10
2025-12-17 22:12:36.982,chunked,0,parakeet-ctc-0.6b,276.2,,10,,0.11,,,1.29,,1.3,,0.017,4.79,57.65,3.38,,nvidia/parakeet-ctc-0.6b,input/4m36s.wav,
2025-12-17 22:12:37.284,chunked,9,nvidia/parakeet-ctc-0.6b,,30,,0.06,,4693.0,0.0,,0.0,,0.002,,,,,0,,input/4m36s.wav,10
2025-12-17 22:12:37.632,chunked,9,nvidia/parakeet-ctc-0.6b,,30,,0.075,,4693.0,1.0,,3.0,,0.003,,,,,1,,input/4m36s.wav,10
2025-12-17 22:12:37.974,chunked,9,nvidia/parakeet-ctc-0.6b,,30,,0.07,,4693.0,5.0,,11.0,,0.002,,,,,2,,input/4m36s.wav,10
2025-12-17 22:12:38.173,chunked,7,nvidia/parakeet-ctc-0.6b,,30,,0.059,,4741.0,5.0,,10.0,,0.002,,,,,0,,input/4m36s.wav,10
2025-12-17 22:12:38.303,chunked,9,nvidia/parakeet-ctc-0.6b,,30,,0.06,,4741.0,5.0,,10.0,,0.002,,,,,3,,input/4m36s.wav,10
2025-12-17 22:12:38.505,chunked,7,nvidia/parakeet-ctc-0.6b,,30,,0.059,,4741.0,5.0,,11.0,,0.002,,,,,1,,input/4m36s.wav,10
2025-12-17 22:12:38.652,chunked,9,nvidia/parakeet-ctc-0.6b,,30,,0.06,,4741.0,5.0,,11.0,,0.002,,,,,4,,input/4m36s.wav,10
2025-12-17 22:12:38.841,chunked,7,nvidia/parakeet-ctc-0.6b,,30,,0.06,,4741.0,5.0,,11.0,,0.002,,,,,2,,input/4m36s.wav,10
2025-12-17 22:12:38.992,chunked,0,nvidia/parakeet-ctc-0.6b,,30,,0.065,,4789.0,14.0,,32.0,,0.002,,,,,0,,input/4m36s.wav,10
2025-12-17 22:12:38.993,chunked,9,nvidia/parakeet-ctc-0.6b,,30,,0.063,,4789.0,14.0,,32.0,,0.002,,,,,5,,input/4m36s.wav,10
2025-12-17 22:12:39.182,chunked,7,nvidia/parakeet-ctc-0.6b,,30,,0.062,,4789.0,5.0,,11.0,,0.002,,,,,3,,input/4m36s.wav,10
2025-12-17 22:12:39.335,chunked,9,nvidia/parakeet-ctc-0.6b,,30,,0.064,,4789.0,5.0,,11.0,,0.002,,,,,6,,input/4m36s.wav,10
2025-12-17 22:12:39.336,chunked,0,nvidia/parakeet-ctc-0.6b,,30,,0.068,,4789.0,5.0,,11.0,,0.002,,,,,1,,input/4m36s.wav,10
2025-12-17 22:12:39.532,chunked,7,nvidia/parakeet-ctc-0.6b,,30,,0.062,,4789.0,10.0,,23.0,,0.002,,,,,4,,input/4m36s.wav,10
2025-12-17 22:12:39.674,chunked,9,nvidia/parakeet-ctc-0.6b,,30,,0.063,,4789.0,5.0,,11.0,,0.002,,,,,7,,input/4m36s.wav,10
2025-12-17 22:12:39.692,chunked,0,nvidia/parakeet-ctc-0.6b,,30,,0.074,,4789.0,5.0,,11.0,,0.002,,,,,2,,input/4m36s.wav,10
2025-12-17 22:12:39.878,chunked,7,nvidia/parakeet-ctc-0.6b,,30,,0.063,,4789.0,10.0,,23.0,,0.002,,,,,5,,input/4m36s.wav,10
2025-12-17 22:12:40.014,chunked,9,nvidia/parakeet-ctc-0.6b,,30,,0.064,,4789.0,8.0,,18.0,,0.002,,,,,8,,input/4m36s.wav,10
2025-12-17 22:12:40.031,chunked,0,nvidia/parakeet-ctc-0.6b,,30,,0.061,,4789.0,8.0,,18.0,,0.002,,,,,3,,input/4m36s.wav,10
2025-12-17 22:12:40.220,chunked,7,nvidia/parakeet-ctc-0.6b,,30,,0.063,,4789.0,9.0,,19.0,,0.002,,,,,6,,input/4m36s.wav,10
2025-12-17 22:12:40.344,chunked,9,nvidia/parakeet-ctc-0.6b,,6.201,,0.057,,4743.0,9.0,,19.0,,0.009,,,,,9,,input/4m36s.wav,10
2025-12-17 22:12:40.345,chunked,9,parakeet-ctc-0.6b,276.2,,10,,0.1,,,1.29,,1.22,,0.017,4.72,58.48,3.4,,nvidia/parakeet-ctc-0.6b,input/4m36s.wav,
2025-12-17 22:12:40.373,chunked,0,nvidia/parakeet-ctc-0.6b,,30,,0.061,,4743.0,10.0,,25.0,,0.002,,,,,4,,input/4m36s.wav,10
2025-12-17 22:12:40.560,chunked,7,nvidia/parakeet-ctc-0.6b,,30,,0.065,,4743.0,10.0,,25.0,,0.002,,,,,7,,input/4m36s.wav,10
2025-12-17 22:12:40.717,chunked,0,nvidia/parakeet-ctc-0.6b,,30,,0.068,,4741.0,5.0,,11.0,,0.002,,,,,5,,input/4m36s.wav,10
2025-12-17 22:12:40.904,chunked,7,nvidia/parakeet-ctc-0.6b,,30,,0.063,,4741.0,5.0,,11.0,,0.002,,,,,8,,input/4m36s.wav,10
2025-12-17 22:12:41.061,chunked,0,nvidia/parakeet-ctc-0.6b,,30,,0.067,,4741.0,5.0,,11.0,,0.002,,,,,6,,input/4m36s.wav,10
2025-12-17 22:12:41.238,chunked,7,nvidia/parakeet-ctc-0.6b,,6.201,,0.057,,4695.0,5.0,,11.0,,0.009,,,,,9,,input/4m36s.wav,10
2025-12-17 22:12:41.239,chunked,7,parakeet-ctc-0.6b,276.2,,10,,0.11,,,1.29,,1.19,,0.017,4.7,58.78,3.4,,nvidia/parakeet-ctc-0.6b,input/4m36s.wav,
2025-12-17 22:12:41.393,chunked,0,nvidia/parakeet-ctc-0.6b,,30,,0.061,,4695.0,6.0,,15.0,,0.002,,,,,7,,input/4m36s.wav,10
2025-12-17 22:12:41.731,chunked,0,nvidia/parakeet-ctc-0.6b,,30,,0.065,,4693.0,0.0,,1.0,,0.002,,,,,8,,input/4m36s.wav,10
2025-12-17 22:12:42.065,chunked,0,nvidia/parakeet-ctc-0.6b,,6.201,,0.055,,4647.0,0.0,,0.0,,0.009,,,,,9,,input/4m36s.wav,10
2025-12-17 22:12:42.065,chunked,0,parakeet-ctc-0.6b,276.2,,10,,0.1,,,1.29,,1.23,,0.017,4.75,58.09,3.42,,nvidia/parakeet-ctc-0.6b,input/4m36s.wav,
2025-12-17 22:12:42.321,chunked,9,nvidia/parakeet-ctc-0.6b,,30,,0.059,,4695.0,2.0,,5.0,,0.002,,,,,0,,input/4m36s.wav,10
2025-12-17 22:12:42.671,chunked,9,nvidia/parakeet-ctc-0.6b,,30,,0.066,,4693.0,0.0,,0.0,,0.002,,,,,1,,input/4m36s.wav,10
2025-12-17 22:12:43.001,chunked,9,nvidia/parakeet-ctc-0.6b,,30,,0.061,,4693.0,4.0,,8.0,,0.002,,,,,2,,input/4m36s.wav,10
2025-12-17 22:12:43.230,chunked,7,nvidia/parakeet-ctc-0.6b,,30,,0.06,,4741.0,1.0,,2.0,,0.002,,,,,0,,input/4m36s.wav,10
2025-12-17 22:12:43.333,chunked,9,nvidia/parakeet-ctc-0.6b,,30,,0.062,,4741.0,1.0,,2.0,,0.002,,,,,3,,input/4m36s.wav,10
2025-12-17 22:12:43.572,chunked,7,nvidia/parakeet-ctc-0.6b,,30,,0.06,,4741.0,5.0,,11.0,,0.002,,,,,1,,input/4m36s.wav,10
2025-12-17 22:12:43.662,chunked,9,nvidia/parakeet-ctc-0.6b,,30,,0.06,,4741.0,5.0,,11.0,,0.002,,,,,4,,input/4m36s.wav,10
2025-12-17 22:12:43.911,chunked,7,nvidia/parakeet-ctc-0.6b,,30,,0.064,,4741.0,5.0,,11.0,,0.002,,,,,2,,input/4m36s.wav,10
2025-12-17 22:12:44.001,chunked,9,nvidia/parakeet-ctc-0.6b,,30,,0.063,,4789.0,10.0,,21.0,,0.002,,,,,5,,input/4m36s.wav,10
2025-12-17 22:12:44.022,chunked,0,nvidia/parakeet-ctc-0.6b,,30,,0.061,,4789.0,10.0,,21.0,,0.002,,,,,0,,input/4m36s.wav,10
2025-12-17 22:12:44.252,chunked,7,nvidia/parakeet-ctc-0.6b,,30,,0.064,,4789.0,5.0,,11.0,,0.002,,,,,3,,input/4m36s.wav,10
2025-12-17 22:12:44.350,chunked,9,nvidia/parakeet-ctc-0.6b,,30,,0.063,,4789.0,5.0,,11.0,,0.002,,,,,6,,input/4m36s.wav,10
2025-12-17 22:12:44.370,chunked,0,nvidia/parakeet-ctc-0.6b,,30,,0.062,,4789.0,15.0,,33.0,,0.002,,,,,1,,input/4m36s.wav,10
2025-12-17 22:12:44.592,chunked,7,nvidia/parakeet-ctc-0.6b,,30,,0.063,,4789.0,5.0,,10.0,,0.002,,,,,4,,input/4m36s.wav,10
2025-12-17 22:12:44.691,chunked,9,nvidia/parakeet-ctc-0.6b,,30,,0.062,,4789.0,5.0,,10.0,,0.002,,,,,7,,input/4m36s.wav,10
2025-12-17 22:12:44.710,chunked,0,nvidia/parakeet-ctc-0.6b,,30,,0.065,,4789.0,5.0,,10.0,,0.002,,,,,2,,input/4m36s.wav,10
2025-12-17 22:12:44.933,chunked,7,nvidia/parakeet-ctc-0.6b,,30,,0.064,,4789.0,10.0,,22.0,,0.002,,,,,5,,input/4m36s.wav,10
2025-12-17 22:12:45.030,chunked,9,nvidia/parakeet-ctc-0.6b,,30,,0.062,,4789.0,6.0,,13.0,,0.002,,,,,8,,input/4m36s.wav,10
2025-12-17 22:12:45.045,chunked,0,nvidia/parakeet-ctc-0.6b,,30,,0.06,,4789.0,6.0,,13.0,,0.002,,,,,3,,input/4m36s.wav,10
2025-12-17 22:12:45.274,chunked,7,nvidia/parakeet-ctc-0.6b,,30,,0.064,,4789.0,9.0,,20.0,,0.002,,,,,6,,input/4m36s.wav,10
2025-12-17 22:12:45.359,chunked,9,nvidia/parakeet-ctc-0.6b,,6.201,,0.054,,4743.0,9.0,,20.0,,0.009,,,,,9,,input/4m36s.wav,10
2025-12-17 22:12:45.360,chunked,9,parakeet-ctc-0.6b,276.2,,10,,0.1,,,1.29,,1.21,,0.017,4.69,58.92,3.38,,nvidia/parakeet-ctc-0.6b,input/4m36s.wav,
2025-12-17 22:12:45.383,chunked,0,nvidia/parakeet-ctc-0.6b,,30,,0.061,,4743.0,12.0,,29.0,,0.002,,,,,4,,input/4m36s.wav,10
2025-12-17 22:12:45.616,chunked,7,nvidia/parakeet-ctc-0.6b,,30,,0.064,,4743.0,2.0,,4.0,,0.002,,,,,7,,input/4m36s.wav,10
2025-12-17 22:12:45.730,chunked,0,nvidia/parakeet-ctc-0.6b,,30,,0.072,,4741.0,2.0,,4.0,,0.002,,,,,5,,input/4m36s.wav,10
2025-12-17 22:12:45.958,chunked,7,nvidia/parakeet-ctc-0.6b,,30,,0.061,,4741.0,8.0,,17.0,,0.002,,,,,8,,input/4m36s.wav,10
2025-12-17 22:12:46.070,chunked,0,nvidia/parakeet-ctc-0.6b,,30,,0.061,,4741.0,5.0,,11.0,,0.002,,,,,6,,input/4m36s.wav,10
2025-12-17 22:12:46.291,chunked,7,nvidia/parakeet-ctc-0.6b,,6.201,,0.054,,4695.0,5.0,,11.0,,0.009,,,,,9,,input/4m36s.wav,10
2025-12-17 22:12:46.291,chunked,7,parakeet-ctc-0.6b,276.2,,10,,0.1,,,1.29,,1.21,,0.017,4.71,58.61,3.4,,nvidia/parakeet-ctc-0.6b,input/4m36s.wav,
2025-12-17 22:12:46.416,chunked,0,nvidia/parakeet-ctc-0.6b,,30,,0.074,,4695.0,5.0,,11.0,,0.002,,,,,7,,input/4m36s.wav,10
2025-12-17 22:12:46.753,chunked,0,nvidia/parakeet-ctc-0.6b,,30,,0.064,,4693.0,2.0,,5.0,,0.002,,,,,8,,input/4m36s.wav,10
2025-12-17 22:12:47.089,chunked,0,nvidia/parakeet-ctc-0.6b,,6.201,,0.06,,4647.0,0.0,,0.0,,0.01,,,,,9,,input/4m36s.wav,10
2025-12-17 22:12:47.090,chunked,0,parakeet-ctc-0.6b,276.2,,10,,0.12,,,1.29,,1.18,,0.017,4.7,58.75,3.4,,nvidia/parakeet-ctc-0.6b,input/4m36s.wav,
2025-12-17 22:12:47.313,chunked,9,nvidia/parakeet-ctc-0.6b,,30,,0.06,,4695.0,2.0,,5.0,,0.002,,,,,0,,input/4m36s.wav,10
2025-12-17 22:12:47.650,chunked,9,nvidia/parakeet-ctc-0.6b,,30,,0.058,,4693.0,0.0,,0.0,,0.002,,,,,1,,input/4m36s.wav,10
2025-12-17 22:12:47.990,chunked,9,nvidia/parakeet-ctc-0.6b,,30,,0.059,,4693.0,5.0,,10.0,,0.002,,,,,2,,input/4m36s.wav,10
2025-12-17 22:12:48.269,chunked,7,nvidia/parakeet-ctc-0.6b,,30,,0.06,,4735.0,0.0,,0.0,,0.002,,,,,0,,input/4m36s.wav,10
2025-12-17 22:12:48.336,chunked,9,nvidia/parakeet-ctc-0.6b,,30,,0.074,,4741.0,0.0,,0.0,,0.002,,,,,3,,input/4m36s.wav,10
2025-12-17 22:12:48.602,chunked,7,nvidia/parakeet-ctc-0.6b,,30,,0.06,,4693.0,3.0,,7.0,,0.002,,,,,1,,input/4m36s.wav,10
2025-12-17 22:12:48.669,chunked,9,nvidia/parakeet-ctc-0.6b,,30,,0.062,,4741.0,3.0,,7.0,,0.002,,,,,4,,input/4m36s.wav,10
2025-12-17 22:12:48.940,chunked,7,nvidia/parakeet-ctc-0.6b,,30,,0.063,,4693.0,6.0,,14.0,,0.002,,,,,2,,input/4m36s.wav,10
2025-12-17 22:12:49.014,chunked,9,nvidia/parakeet-ctc-0.6b,,30,,0.07,,4789.0,7.0,,17.0,,0.002,,,,,5,,input/4m36s.wav,10
2025-12-17 22:12:49.029,chunked,0,nvidia/parakeet-ctc-0.6b,,30,,0.063,,4789.0,7.0,,17.0,,0.002,,,,,0,,input/4m36s.wav,10
2025-12-17 22:12:49.280,chunked,7,nvidia/parakeet-ctc-0.6b,,30,,0.063,,4741.0,7.0,,16.0,,0.002,,,,,3,,input/4m36s.wav,10
2025-12-17 22:12:49.353,chunked,9,nvidia/parakeet-ctc-0.6b,,30,,0.064,,4789.0,7.0,,16.0,,0.002,,,,,6,,input/4m36s.wav,10
2025-12-17 22:12:49.371,chunked,0,nvidia/parakeet-ctc-0.6b,,30,,0.061,,4789.0,15.0,,33.0,,0.002,,,,,1,,input/4m36s.wav,10
2025-12-17 22:12:49.619,chunked,7,nvidia/parakeet-ctc-0.6b,,30,,0.062,,4741.0,1.0,,3.0,,0.002,,,,,4,,input/4m36s.wav,10
2025-12-17 22:12:49.689,chunked,9,nvidia/parakeet-ctc-0.6b,,30,,0.061,,4789.0,1.0,,3.0,,0.002,,,,,7,,input/4m36s.wav,10
2025-12-17 22:12:49.709,chunked,0,nvidia/parakeet-ctc-0.6b,,30,,0.062,,4789.0,1.0,,3.0,,0.002,,,,,2,,input/4m36s.wav,10
2025-12-17 22:12:49.959,chunked,7,nvidia/parakeet-ctc-0.6b,,30,,0.061,,4741.0,13.0,,30.0,,0.002,,,,,5,,input/4m36s.wav,10
2025-12-17 22:12:50.030,chunked,9,nvidia/parakeet-ctc-0.6b,,30,,0.066,,4789.0,5.0,,12.0,,0.002,,,,,8,,input/4m36s.wav,10
2025-12-17 22:12:50.049,chunked,0,nvidia/parakeet-ctc-0.6b,,30,,0.062,,4789.0,5.0,,12.0,,0.002,,,,,3,,input/4m36s.wav,10
2025-12-17 22:12:50.300,chunked,7,nvidia/parakeet-ctc-0.6b,,30,,0.058,,4741.0,10.0,,21.0,,0.002,,,,,6,,input/4m36s.wav,10
2025-12-17 22:12:50.371,chunked,9,nvidia/parakeet-ctc-0.6b,,6.201,,0.064,,4743.0,12.0,,29.0,,0.01,,,,,9,,input/4m36s.wav,10
2025-12-17 22:12:50.371,chunked,9,parakeet-ctc-0.6b,276.2,,10,,0.1,,,1.29,,1.19,,0.017,4.69,58.95,3.39,,nvidia/parakeet-ctc-0.6b,input/4m36s.wav,
2025-12-17 22:12:50.389,chunked,0,nvidia/parakeet-ctc-0.6b,,30,,0.062,,4743.0,12.0,,29.0,,0.002,,,,,4,,input/4m36s.wav,10
2025-12-17 22:12:50.648,chunked,7,nvidia/parakeet-ctc-0.6b,,30,,0.062,,4743.0,0.0,,0.0,,0.002,,,,,7,,input/4m36s.wav,10
2025-12-17 22:12:50.749,chunked,0,nvidia/parakeet-ctc-0.6b,,30,,0.073,,4741.0,0.0,,0.0,,0.002,,,,,5,,input/4m36s.wav,10
2025-12-17 22:12:51.008,chunked,7,nvidia/parakeet-ctc-0.6b,,30,,0.062,,4741.0,3.0,,7.0,,0.002,,,,,8,,input/4m36s.wav,10
2025-12-17 22:12:51.090,chunked,0,nvidia/parakeet-ctc-0.6b,,30,,0.059,,4741.0,3.0,,7.0,,0.002,,,,,6,,input/4m36s.wav,10
2025-12-17 22:12:51.340,chunked,7,nvidia/parakeet-ctc-0.6b,,6.201,,0.058,,4695.0,7.0,,15.0,,0.009,,,,,9,,input/4m36s.wav,10
2025-12-17 22:12:51.341,chunked,7,parakeet-ctc-0.6b,276.2,,10,,0.1,,,1.29,,1.19,,0.017,4.7,58.76,3.41,,nvidia/parakeet-ctc-0.6b,input/4m36s.wav,
2025-12-17 22:12:51.423,chunked,0,nvidia/parakeet-ctc-0.6b,,30,,0.059,,4695.0,3.0,,7.0,,0.002,,,,,7,,input/4m36s.wav,10
2025-12-17 22:12:51.770,chunked,0,nvidia/parakeet-ctc-0.6b,,30,,0.075,,4693.0,5.0,,11.0,,0.003,,,,,8,,input/4m36s.wav,10
2025-12-17 22:12:52.101,chunked,0,nvidia/parakeet-ctc-0.6b,,6.201,,0.058,,4647.0,0.0,,0.0,,0.009,,,,,9,,input/4m36s.wav,10
2025-12-17 22:12:52.102,chunked,0,parakeet-ctc-0.6b,276.2,,10,,0.11,,,1.29,,1.16,,0.017,4.68,59.05,3.41,,nvidia/parakeet-ctc-0.6b,input/4m36s.wav,
2025-12-17 22:12:52.321,chunked,9,nvidia/parakeet-ctc-0.6b,,30,,0.061,,4695.0,2.0,,5.0,,0.002,,,,,0,,input/4m36s.wav,10
2025-12-17 22:12:52.658,chunked,9,nvidia/parakeet-ctc-0.6b,,30,,0.058,,4693.0,0.0,,0.0,,0.002,,,,,1,,input/4m36s.wav,10
2025-12-17 22:12:52.988,chunked,9,nvidia/parakeet-ctc-0.6b,,30,,0.057,,4693.0,5.0,,10.0,,0.002,,,,,2,,input/4m36s.wav,10
2025-12-17 22:12:53.314,chunked,7,nvidia/parakeet-ctc-0.6b,,30,,0.062,,4741.0,0.0,,0.0,,0.002,,,,,0,,input/4m36s.wav,10
2025-12-17 22:12:53.329,chunked,9,nvidia/parakeet-ctc-0.6b,,30,,0.061,,4741.0,0.0,,0.0,,0.002,,,,,3,,input/4m36s.wav,10
2025-12-17 22:12:53.650,chunked,7,nvidia/parakeet-ctc-0.6b,,30,,0.064,,4741.0,0.0,,0.0,,0.002,,,,,1,,input/4m36s.wav,10
2025-12-17 22:12:53.667,chunked,9,nvidia/parakeet-ctc-0.6b,,30,,0.062,,4741.0,0.0,,0.0,,0.002,,,,,4,,input/4m36s.wav,10
2025-12-17 22:12:53.988,chunked,7,nvidia/parakeet-ctc-0.6b,,30,,0.064,,4741.0,8.0,,17.0,,0.002,,,,,2,,input/4m36s.wav,10
2025-12-17 22:12:54.007,chunked,9,nvidia/parakeet-ctc-0.6b,,30,,0.062,,4741.0,8.0,,17.0,,0.002,,,,,5,,input/4m36s.wav,10
2025-12-17 22:12:54.091,chunked,0,nvidia/parakeet-ctc-0.6b,,30,,0.064,,4789.0,8.0,,17.0,,0.002,,,,,0,,input/4m36s.wav,10
2025-12-17 22:12:54.328,chunked,7,nvidia/parakeet-ctc-0.6b,,30,,0.062,,4789.0,7.0,,15.0,,0.002,,,,,3,,input/4m36s.wav,10
2025-12-17 22:12:54.348,chunked,9,nvidia/parakeet-ctc-0.6b,,30,,0.062,,4789.0,7.0,,15.0,,0.002,,,,,6,,input/4m36s.wav,10
2025-12-17 22:12:54.434,chunked,0,nvidia/parakeet-ctc-0.6b,,30,,0.064,,4789.0,10.0,,23.0,,0.002,,,,,1,,input/4m36s.wav,10
2025-12-17 22:12:54.672,chunked,7,nvidia/parakeet-ctc-0.6b,,30,,0.064,,4789.0,5.0,,10.0,,0.002,,,,,4,,input/4m36s.wav,10
2025-12-17 22:12:54.687,chunked,9,nvidia/parakeet-ctc-0.6b,,30,,0.062,,4789.0,5.0,,10.0,,0.002,,,,,7,,input/4m36s.wav,10
2025-12-17 22:12:54.776,chunked,0,nvidia/parakeet-ctc-0.6b,,30,,0.064,,4789.0,15.0,,33.0,,0.002,,,,,2,,input/4m36s.wav,10
2025-12-17 22:12:55.012,chunked,7,nvidia/parakeet-ctc-0.6b,,30,,0.065,,4789.0,2.0,,6.0,,0.002,,,,,5,,input/4m36s.wav,10
2025-12-17 22:12:55.028,chunked,9,nvidia/parakeet-ctc-0.6b,,30,,0.062,,4789.0,2.0,,6.0,,0.002,,,,,8,,input/4m36s.wav,10
2025-12-17 22:12:55.117,chunked,0,nvidia/parakeet-ctc-0.6b,,30,,0.065,,4789.0,2.0,,6.0,,0.002,,,,,3,,input/4m36s.wav,10
2025-12-17 22:12:55.349,chunked,7,nvidia/parakeet-ctc-0.6b,,30,,0.06,,4743.0,13.0,,27.0,,0.002,,,,,6,,input/4m36s.wav,10
2025-12-17 22:12:55.369,chunked,9,nvidia/parakeet-ctc-0.6b,,6.201,,0.058,,4743.0,7.0,,18.0,,0.009,,,,,9,,input/4m36s.wav,10
2025-12-17 22:12:55.370,chunked,9,parakeet-ctc-0.6b,276.2,,10,,0.1,,,1.29,,1.2,,0.017,4.68,59.03,3.38,,nvidia/parakeet-ctc-0.6b,input/4m36s.wav,
2025-12-17 22:12:55.461,chunked,0,nvidia/parakeet-ctc-0.6b,,30,,0.068,,4743.0,7.0,,18.0,,0.002,,,,,4,,input/4m36s.wav,10
2025-12-17 22:12:55.691,chunked,7,nvidia/parakeet-ctc-0.6b,,30,,0.062,,4741.0,5.0,,11.0,,0.002,,,,,7,,input/4m36s.wav,10
2025-12-17 22:12:55.807,chunked,0,nvidia/parakeet-ctc-0.6b,,30,,0.068,,4741.0,7.0,,17.0,,0.002,,,,,5,,input/4m36s.wav,10
2025-12-17 22:12:56.031,chunked,7,nvidia/parakeet-ctc-0.6b,,30,,0.062,,4741.0,2.0,,5.0,,0.002,,,,,8,,input/4m36s.wav,10
2025-12-17 22:12:56.147,chunked,0,nvidia/parakeet-ctc-0.6b,,30,,0.063,,4741.0,2.0,,5.0,,0.002,,,,,6,,input/4m36s.wav,10
2025-12-17 22:12:56.370,chunked,7,nvidia/parakeet-ctc-0.6b,,6.201,,0.057,,4695.0,2.0,,5.0,,0.009,,,,,9,,input/4m36s.wav,10
2025-12-17 22:12:56.370,chunked,7,parakeet-ctc-0.6b,276.2,,10,,0.12,,,1.29,,1.18,,0.017,4.68,58.96,3.39,,nvidia/parakeet-ctc-0.6b,input/4m36s.wav,
2025-12-17 22:12:56.501,chunked,0,nvidia/parakeet-ctc-0.6b,,30,,0.068,,4695.0,2.0,,5.0,,0.002,,,,,7,,input/4m36s.wav,10
2025-12-17 22:12:56.847,chunked,0,nvidia/parakeet-ctc-0.6b,,30,,0.071,,4693.0,0.0,,1.0,,0.002,,,,,8,,input/4m36s.wav,10
2025-12-17 22:12:57.175,chunked,0,nvidia/parakeet-ctc-0.6b,,6.201,,0.057,,4647.0,2.0,,5.0,,0.009,,,,,9,,input/4m36s.wav,10
2025-12-17 22:12:57.176,chunked,0,parakeet-ctc-0.6b,276.2,,10,,0.14,,,1.29,,1.19,,0.017,4.75,58.18,3.42,,nvidia/parakeet-ctc-0.6b,input/4m36s.wav,
2025-12-17 22:12:57.314,chunked,9,nvidia/parakeet-ctc-0.6b,,30,,0.064,,4695.0,2.0,,5.0,,0.002,,,,,0,,input/4m36s.wav,10
2025-12-17 22:12:57.658,chunked,9,nvidia/parakeet-ctc-0.6b,,30,,0.071,,4693.0,0.0,,0.0,,0.002,,,,,1,,input/4m36s.wav,10
2025-12-17 22:12:58.000,chunked,9,nvidia/parakeet-ctc-0.6b,,30,,0.057,,4693.0,3.0,,6.0,,0.002,,,,,2,,input/4m36s.wav,10
2025-12-17 22:12:58.347,chunked,7,nvidia/parakeet-ctc-0.6b,,30,,0.061,,4741.0,2.0,,4.0,,0.002,,,,,0,,input/4m36s.wav,10
2025-12-17 22:12:58.347,chunked,9,nvidia/parakeet-ctc-0.6b,,30,,0.074,,4741.0,2.0,,4.0,,0.002,,,,,3,,input/4m36s.wav,10
2025-12-17 22:12:58.687,chunked,7,nvidia/parakeet-ctc-0.6b,,30,,0.059,,4741.0,0.0,,0.0,,0.002,,,,,1,,input/4m36s.wav,10
2025-12-17 22:12:58.687,chunked,9,nvidia/parakeet-ctc-0.6b,,30,,0.064,,4741.0,0.0,,0.0,,0.002,,,,,4,,input/4m36s.wav,10
2025-12-17 22:12:59.027,chunked,7,nvidia/parakeet-ctc-0.6b,,30,,0.063,,4741.0,1.0,,2.0,,0.002,,,,,2,,input/4m36s.wav,10
2025-12-17 22:12:59.028,chunked,9,nvidia/parakeet-ctc-0.6b,,30,,0.069,,4741.0,1.0,,2.0,,0.002,,,,,5,,input/4m36s.wav,10
2025-12-17 22:12:59.206,chunked,0,nvidia/parakeet-ctc-0.6b,,30,,0.061,,4789.0,12.0,,26.0,,0.002,,,,,0,,input/4m36s.wav,10
2025-12-17 22:12:59.369,chunked,9,nvidia/parakeet-ctc-0.6b,,30,,0.064,,4789.0,12.0,,28.0,,0.002,,,,,6,,input/4m36s.wav,10
2025-12-17 22:12:59.370,chunked,7,nvidia/parakeet-ctc-0.6b,,30,,0.066,,4789.0,12.0,,28.0,,0.002,,,,,3,,input/4m36s.wav,10
2025-12-17 22:12:59.546,chunked,0,nvidia/parakeet-ctc-0.6b,,30,,0.061,,4789.0,12.0,,28.0,,0.002,,,,,1,,input/4m36s.wav,10
2025-12-17 22:12:59.709,chunked,9,nvidia/parakeet-ctc-0.6b,,30,,0.065,,4789.0,5.0,,11.0,,0.002,,,,,7,,input/4m36s.wav,10
2025-12-17 22:12:59.726,chunked,7,nvidia/parakeet-ctc-0.6b,,30,,0.07,,4789.0,5.0,,11.0,,0.002,,,,,4,,input/4m36s.wav,10
2025-12-17 22:12:59.886,chunked,0,nvidia/parakeet-ctc-0.6b,,30,,0.065,,4789.0,10.0,,23.0,,0.002,,,,,2,,input/4m36s.wav,10
2025-12-17 22:13:00.047,chunked,9,nvidia/parakeet-ctc-0.6b,,30,,0.063,,4789.0,5.0,,11.0,,0.002,,,,,8,,input/4m36s.wav,10
2025-12-17 22:13:00.075,chunked,7,nvidia/parakeet-ctc-0.6b,,30,,0.062,,4789.0,5.0,,11.0,,0.002,,,,,5,,input/4m36s.wav,10
2025-12-17 22:13:00.238,chunked,0,nvidia/parakeet-ctc-0.6b,,30,,0.062,,4789.0,10.0,,22.0,,0.002,,,,,3,,input/4m36s.wav,10
2025-12-17 22:13:00.386,chunked,9,nvidia/parakeet-ctc-0.6b,,6.201,,0.059,,4743.0,8.0,,20.0,,0.009,,,,,9,,input/4m36s.wav,10
2025-12-17 22:13:00.387,chunked,9,parakeet-ctc-0.6b,276.2,,10,,0.11,,,1.29,,1.17,,0.017,4.7,58.82,3.42,,nvidia/parakeet-ctc-0.6b,input/4m36s.wav,
2025-12-17 22:13:00.414,chunked,7,nvidia/parakeet-ctc-0.6b,,30,,0.062,,4743.0,8.0,,20.0,,0.002,,,,,6,,input/4m36s.wav,10
2025-12-17 22:13:00.577,chunked,0,nvidia/parakeet-ctc-0.6b,,30,,0.064,,4743.0,8.0,,18.0,,0.002,,,,,4,,input/4m36s.wav,10
2025-12-17 22:13:00.767,chunked,7,nvidia/parakeet-ctc-0.6b,,30,,0.068,,4741.0,5.0,,11.0,,0.002,,,,,7,,input/4m36s.wav,10
2025-12-17 22:13:00.917,chunked,0,nvidia/parakeet-ctc-0.6b,,30,,0.061,,4741.0,5.0,,11.0,,0.002,,,,,5,,input/4m36s.wav,10
2025-12-17 22:13:01.120,chunked,7,nvidia/parakeet-ctc-0.6b,,30,,0.069,,4741.0,5.0,,11.0,,0.002,,,,,8,,input/4m36s.wav,10
2025-12-17 22:13:01.252,chunked,0,nvidia/parakeet-ctc-0.6b,,30,,0.061,,4741.0,5.0,,11.0,,0.002,,,,,6,,input/4m36s.wav,10
2025-12-17 22:13:01.471,chunked,7,nvidia/parakeet-ctc-0.6b,,6.201,,0.055,,4695.0,5.0,,11.0,,0.009,,,,,9,,input/4m36s.wav,10
2025-12-17 22:13:01.471,chunked,7,parakeet-ctc-0.6b,276.2,,10,,0.11,,,1.29,,1.18,,0.017,4.75,58.09,3.46,,nvidia/parakeet-ctc-0.6b,input/4m36s.wav,
2025-12-17 22:13:01.586,chunked,0,nvidia/parakeet-ctc-0.6b,,30,,0.06,,4695.0,7.0,,16.0,,0.002,,,,,7,,input/4m36s.wav,10
2025-12-17 22:13:01.928,chunked,0,nvidia/parakeet-ctc-0.6b,,30,,0.063,,4693.0,0.0,,0.0,,0.002,,,,,8,,input/4m36s.wav,10
2025-12-17 22:13:02.260,chunked,0,nvidia/parakeet-ctc-0.6b,,6.201,,0.054,,4647.0,0.0,,0.0,,0.009,,,,,9,,input/4m36s.wav,10
2025-12-17 22:13:02.261,chunked,0,parakeet-ctc-0.6b,276.2,,10,,0.12,,,1.29,,1.23,,0.017,4.74,58.27,3.39,,nvidia/parakeet-ctc-0.6b,input/4m36s.wav,
2025-12-17 22:13:02.375,chunked,9,nvidia/parakeet-ctc-0.6b,,30,,0.059,,4695.0,7.0,,15.0,,0.002,,,,,0,,input/4m36s.wav,10
2025-12-17 22:13:02.716,chunked,9,nvidia/parakeet-ctc-0.6b,,30,,0.068,,4693.0,0.0,,0.0,,0.002,,,,,1,,input/4m36s.wav,10
2025-12-17 22:13:03.077,chunked,9,nvidia/parakeet-ctc-0.6b,,30,,0.071,,4693.0,0.0,,0.0,,0.002,,,,,2,,input/4m36s.wav,10
2025-12-17 22:13:03.427,chunked,7,nvidia/parakeet-ctc-0.6b,,30,,0.066,,4741.0,0.0,,1.0,,0.002,,,,,0,,input/4m36s.wav,10
2025-12-17 22:13:03.427,chunked,9,nvidia/parakeet-ctc-0.6b,,30,,0.062,,4741.0,0.0,,1.0,,0.002,,,,,3,,input/4m36s.wav,10
2025-12-17 22:13:03.773,chunked,9,nvidia/parakeet-ctc-0.6b,,30,,0.078,,4741.0,11.0,,28.0,,0.003,,,,,4,,input/4m36s.wav,10
2025-12-17 22:13:03.773,chunked,7,nvidia/parakeet-ctc-0.6b,,30,,0.073,,4741.0,11.0,,28.0,,0.002,,,,,1,,input/4m36s.wav,10
2025-12-17 22:13:04.115,chunked,9,nvidia/parakeet-ctc-0.6b,,30,,0.067,,4741.0,0.0,,0.0,,0.002,,,,,5,,input/4m36s.wav,10
2025-12-17 22:13:04.116,chunked,7,nvidia/parakeet-ctc-0.6b,,30,,0.07,,4741.0,0.0,,0.0,,0.002,,,,,2,,input/4m36s.wav,10
2025-12-17 22:13:04.258,chunked,0,nvidia/parakeet-ctc-0.6b,,30,,0.065,,4789.0,10.0,,23.0,,0.002,,,,,0,,input/4m36s.wav,10
2025-12-17 22:13:04.458,chunked,9,nvidia/parakeet-ctc-0.6b,,30,,0.065,,4789.0,5.0,,10.0,,0.002,,,,,6,,input/4m36s.wav,10
2025-12-17 22:13:04.459,chunked,7,nvidia/parakeet-ctc-0.6b,,30,,0.068,,4789.0,5.0,,10.0,,0.002,,,,,3,,input/4m36s.wav,10
2025-12-17 22:13:04.606,chunked,0,nvidia/parakeet-ctc-0.6b,,30,,0.067,,4789.0,13.0,,29.0,,0.002,,,,,1,,input/4m36s.wav,10
2025-12-17 22:13:04.804,chunked,7,nvidia/parakeet-ctc-0.6b,,30,,0.065,,4789.0,8.0,,18.0,,0.002,,,,,4,,input/4m36s.wav,10
2025-12-17 22:13:04.805,chunked,9,nvidia/parakeet-ctc-0.6b,,30,,0.064,,4789.0,8.0,,18.0,,0.002,,,,,7,,input/4m36s.wav,10
2025-12-17 22:13:04.946,chunked,0,nvidia/parakeet-ctc-0.6b,,30,,0.066,,4789.0,8.0,,18.0,,0.002,,,,,2,,input/4m36s.wav,10
2025-12-17 22:13:05.148,chunked,7,nvidia/parakeet-ctc-0.6b,,30,,0.063,,4789.0,9.0,,20.0,,0.002,,,,,5,,input/4m36s.wav,10
2025-12-17 22:13:05.149,chunked,9,nvidia/parakeet-ctc-0.6b,,30,,0.062,,4789.0,9.0,,20.0,,0.002,,,,,8,,input/4m36s.wav,10
2025-12-17 22:13:05.285,chunked,0,nvidia/parakeet-ctc-0.6b,,30,,0.065,,4789.0,10.0,,23.0,,0.002,,,,,3,,input/4m36s.wav,10
2025-12-17 22:13:05.484,chunked,9,nvidia/parakeet-ctc-0.6b,,6.201,,0.056,,4743.0,5.0,,11.0,,0.009,,,,,9,,input/4m36s.wav,10
2025-12-17 22:13:05.485,chunked,9,parakeet-ctc-0.6b,276.2,,10,,0.1,,,1.29,,1.21,,0.017,4.76,58.05,3.44,,nvidia/parakeet-ctc-0.6b,input/4m36s.wav,
2025-12-17 22:13:05.503,chunked,7,nvidia/parakeet-ctc-0.6b,,30,,0.065,,4743.0,5.0,,11.0,,0.002,,,,,6,,input/4m36s.wav,10
2025-12-17 22:13:05.632,chunked,0,nvidia/parakeet-ctc-0.6b,,30,,0.076,,4743.0,7.0,,21.0,,0.003,,,,,4,,input/4m36s.wav,10
2025-12-17 22:13:05.844,chunked,7,nvidia/parakeet-ctc-0.6b,,30,,0.058,,4741.0,5.0,,10.0,,0.002,,,,,7,,input/4m36s.wav,10
2025-12-17 22:13:05.985,chunked,0,nvidia/parakeet-ctc-0.6b,,30,,0.073,,4741.0,9.0,,21.0,,0.002,,,,,5,,input/4m36s.wav,10
2025-12-17 22:13:06.184,chunked,7,nvidia/parakeet-ctc-0.6b,,30,,0.06,,4741.0,5.0,,11.0,,0.002,,,,,8,,input/4m36s.wav,10
2025-12-17 22:13:06.333,chunked,0,nvidia/parakeet-ctc-0.6b,,30,,0.062,,4741.0,5.0,,11.0,,0.002,,,,,6,,input/4m36s.wav,10
2025-12-17 22:13:06.524,chunked,7,nvidia/parakeet-ctc-0.6b,,6.201,,0.056,,4695.0,5.0,,11.0,,0.009,,,,,9,,input/4m36s.wav,10
2025-12-17 22:13:06.525,chunked,7,parakeet-ctc-0.6b,276.2,,10,,0.1,,,1.29,,1.19,,0.017,4.73,58.41,3.43,,nvidia/parakeet-ctc-0.6b,input/4m36s.wav,
2025-12-17 22:13:06.671,chunked,0,nvidia/parakeet-ctc-0.6b,,30,,0.064,,4695.0,2.0,,5.0,,0.002,,,,,7,,input/4m36s.wav,10
2025-12-17 22:13:07.004,chunked,0,nvidia/parakeet-ctc-0.6b,,30,,0.058,,4693.0,2.0,,5.0,,0.002,,,,,8,,input/4m36s.wav,10
2025-12-17 22:13:07.333,chunked,0,nvidia/parakeet-ctc-0.6b,,6.201,,0.057,,4647.0,3.0,,6.0,,0.009,,,,,9,,input/4m36s.wav,10
2025-12-17 22:13:07.334,chunked,0,parakeet-ctc-0.6b,276.2,,10,,0.12,,,1.29,,1.21,,0.017,4.74,58.24,3.42,,nvidia/parakeet-ctc-0.6b,input/4m36s.wav,
2025-12-17 22:13:07.475,chunked,9,nvidia/parakeet-ctc-0.6b,,30,,0.067,,4695.0,2.0,,5.0,,0.002,,,,,0,,input/4m36s.wav,10
2025-12-17 22:13:07.803,chunked,9,nvidia/parakeet-ctc-0.6b,,30,,0.059,,4693.0,3.0,,6.0,,0.002,,,,,1,,input/4m36s.wav,10
2025-12-17 22:13:08.135,chunked,9,nvidia/parakeet-ctc-0.6b,,30,,0.059,,4693.0,2.0,,5.0,,0.002,,,,,2,,input/4m36s.wav,10
2025-12-17 22:13:08.467,chunked,9,nvidia/parakeet-ctc-0.6b,,30,,0.059,,4741.0,0.0,,0.0,,0.002,,,,,3,,input/4m36s.wav,10
2025-12-17 22:13:08.523,chunked,7,nvidia/parakeet-ctc-0.6b,,30,,0.062,,4741.0,0.0,,0.0,,0.002,,,,,0,,input/4m36s.wav,10
2025-12-17 22:13:08.804,chunked,9,nvidia/parakeet-ctc-0.6b,,30,,0.059,,4741.0,2.0,,6.0,,0.002,,,,,4,,input/4m36s.wav,10
2025-12-17 22:13:08.854,chunked,7,nvidia/parakeet-ctc-0.6b,,30,,0.06,,4741.0,2.0,,6.0,,0.002,,,,,1,,input/4m36s.wav,10
2025-12-17 22:13:09.156,chunked,9,nvidia/parakeet-ctc-0.6b,,30,,0.064,,4741.0,7.0,,15.0,,0.002,,,,,5,,input/4m36s.wav,10
2025-12-17 22:13:09.196,chunked,7,nvidia/parakeet-ctc-0.6b,,30,,0.067,,4741.0,9.0,,19.0,,0.002,,,,,2,,input/4m36s.wav,10
2025-12-17 22:13:09.336,chunked,0,nvidia/parakeet-ctc-0.6b,,30,,0.065,,4789.0,9.0,,19.0,,0.002,,,,,0,,input/4m36s.wav,10
2025-12-17 22:13:09.503,chunked,9,nvidia/parakeet-ctc-0.6b,,30,,0.061,,4789.0,6.0,,12.0,,0.002,,,,,6,,input/4m36s.wav,10
2025-12-17 22:13:09.535,chunked,7,nvidia/parakeet-ctc-0.6b,,30,,0.062,,4789.0,6.0,,12.0,,0.002,,,,,3,,input/4m36s.wav,10
2025-12-17 22:13:09.677,chunked,0,nvidia/parakeet-ctc-0.6b,,30,,0.064,,4789.0,10.0,,21.0,,0.002,,,,,1,,input/4m36s.wav,10
2025-12-17 22:13:09.844,chunked,9,nvidia/parakeet-ctc-0.6b,,30,,0.061,,4789.0,5.0,,11.0,,0.002,,,,,7,,input/4m36s.wav,10
2025-12-17 22:13:09.874,chunked,7,nvidia/parakeet-ctc-0.6b,,30,,0.062,,4789.0,5.0,,11.0,,0.002,,,,,4,,input/4m36s.wav,10
2025-12-17 22:13:10.016,chunked,0,nvidia/parakeet-ctc-0.6b,,30,,0.064,,4789.0,11.0,,24.0,,0.002,,,,,2,,input/4m36s.wav,10
2025-12-17 22:13:10.185,chunked,9,nvidia/parakeet-ctc-0.6b,,30,,0.063,,4789.0,10.0,,22.0,,0.002,,,,,8,,input/4m36s.wav,10
2025-12-17 22:13:10.212,chunked,7,nvidia/parakeet-ctc-0.6b,,30,,0.063,,4789.0,10.0,,22.0,,0.002,,,,,5,,input/4m36s.wav,10
2025-12-17 22:13:10.364,chunked,0,nvidia/parakeet-ctc-0.6b,,30,,0.064,,4789.0,8.0,,18.0,,0.002,,,,,3,,input/4m36s.wav,10
2025-12-17 22:13:10.524,chunked,9,nvidia/parakeet-ctc-0.6b,,6.201,,0.057,,4743.0,8.0,,18.0,,0.009,,,,,9,,input/4m36s.wav,10
2025-12-17 22:13:10.524,chunked,9,parakeet-ctc-0.6b,276.2,,10,,0.1,,,1.29,,1.2,,0.017,4.69,58.94,3.39,,nvidia/parakeet-ctc-0.6b,input/4m36s.wav,
2025-12-17 22:13:10.554,chunked,7,nvidia/parakeet-ctc-0.6b,,30,,0.061,,4743.0,8.0,,18.0,,0.002,,,,,6,,input/4m36s.wav,10
2025-12-17 22:13:10.704,chunked,0,nvidia/parakeet-ctc-0.6b,,30,,0.064,,4743.0,7.0,,17.0,,0.002,,,,,4,,input/4m36s.wav,10
2025-12-17 22:13:10.903,chunked,7,nvidia/parakeet-ctc-0.6b,,30,,0.063,,4741.0,5.0,,11.0,,0.002,,,,,7,,input/4m36s.wav,10
2025-12-17 22:13:11.045,chunked,0,nvidia/parakeet-ctc-0.6b,,30,,0.064,,4741.0,5.0,,11.0,,0.002,,,,,5,,input/4m36s.wav,10
2025-12-17 22:13:11.251,chunked,7,nvidia/parakeet-ctc-0.6b,,30,,0.066,,4741.0,5.0,,11.0,,0.002,,,,,8,,input/4m36s.wav,10
2025-12-17 22:13:11.385,chunked,0,nvidia/parakeet-ctc-0.6b,,30,,0.059,,4741.0,9.0,,20.0,,0.002,,,,,6,,input/4m36s.wav,10
2025-12-17 22:13:11.602,chunked,7,nvidia/parakeet-ctc-0.6b,,6.201,,0.055,,4695.0,2.0,,4.0,,0.009,,,,,9,,input/4m36s.wav,10
2025-12-17 22:13:11.603,chunked,7,parakeet-ctc-0.6b,276.2,,10,,0.12,,,1.29,,1.2,,0.017,4.75,58.2,3.42,,nvidia/parakeet-ctc-0.6b,input/4m36s.wav,
2025-12-17 22:13:11.712,chunked,0,nvidia/parakeet-ctc-0.6b,,30,,0.059,,4695.0,2.0,,4.0,,0.002,,,,,7,,input/4m36s.wav,10
2025-12-17 22:13:12.043,chunked,0,nvidia/parakeet-ctc-0.6b,,30,,0.059,,4693.0,0.0,,0.0,,0.002,,,,,8,,input/4m36s.wav,10
2025-12-17 22:13:12.382,chunked,0,nvidia/parakeet-ctc-0.6b,,6.201,,0.056,,4647.0,2.0,,5.0,,0.009,,,,,9,,input/4m36s.wav,10
2025-12-17 22:13:12.383,chunked,0,parakeet-ctc-0.6b,276.2,,10,,0.13,,,1.29,,1.21,,0.017,4.72,58.48,3.39,,nvidia/parakeet-ctc-0.6b,input/4m36s.wav,
2025-12-17 22:13:12.522,chunked,9,nvidia/parakeet-ctc-0.6b,,30,,0.06,,4695.0,2.0,,5.0,,0.002,,,,,0,,input/4m36s.wav,10
2025-12-17 22:13:12.861,chunked,9,nvidia/parakeet-ctc-0.6b,,30,,0.059,,4693.0,0.0,,0.0,,0.002,,,,,1,,input/4m36s.wav,10
2025-12-17 22:13:13.201,chunked,9,nvidia/parakeet-ctc-0.6b,,30,,0.066,,4693.0,3.0,,6.0,,0.002,,,,,2,,input/4m36s.wav,10
2025-12-17 22:13:13.541,chunked,9,nvidia/parakeet-ctc-0.6b,,30,,0.062,,4741.0,2.0,,4.0,,0.002,,,,,3,,input/4m36s.wav,10
2025-12-17 22:13:13.564,chunked,7,nvidia/parakeet-ctc-0.6b,,30,,0.061,,4741.0,10.0,,22.0,,0.002,,,,,0,,input/4m36s.wav,10
2025-12-17 22:13:13.872,chunked,9,nvidia/parakeet-ctc-0.6b,,30,,0.059,,4741.0,0.0,,0.0,,0.002,,,,,4,,input/4m36s.wav,10
2025-12-17 22:13:13.894,chunked,7,nvidia/parakeet-ctc-0.6b,,30,,0.058,,4741.0,0.0,,0.0,,0.002,,,,,1,,input/4m36s.wav,10
2025-12-17 22:13:14.208,chunked,9,nvidia/parakeet-ctc-0.6b,,30,,0.063,,4741.0,2.0,,5.0,,0.002,,,,,5,,input/4m36s.wav,10
2025-12-17 22:13:14.234,chunked,7,nvidia/parakeet-ctc-0.6b,,30,,0.062,,4741.0,2.0,,5.0,,0.002,,,,,2,,input/4m36s.wav,10
2025-12-17 22:13:14.327,chunked,0,nvidia/parakeet-ctc-0.6b,,30,,0.066,,4789.0,2.0,,5.0,,0.002,,,,,0,,input/4m36s.wav,10
2025-12-17 22:13:14.547,chunked,9,nvidia/parakeet-ctc-0.6b,,30,,0.061,,4789.0,12.0,,27.0,,0.002,,,,,6,,input/4m36s.wav,10
2025-12-17 22:13:14.573,chunked,7,nvidia/parakeet-ctc-0.6b,,30,,0.062,,4789.0,10.0,,22.0,,0.002,,,,,3,,input/4m36s.wav,10
2025-12-17 22:13:14.667,chunked,0,nvidia/parakeet-ctc-0.6b,,30,,0.065,,4789.0,10.0,,22.0,,0.002,,,,,1,,input/4m36s.wav,10
2025-12-17 22:13:14.901,chunked,9,nvidia/parakeet-ctc-0.6b,,30,,0.064,,4789.0,5.0,,11.0,,0.002,,,,,7,,input/4m36s.wav,10
2025-12-17 22:13:14.921,chunked,7,nvidia/parakeet-ctc-0.6b,,30,,0.06,,4789.0,5.0,,11.0,,0.002,,,,,4,,input/4m36s.wav,10
2025-12-17 22:13:15.006,chunked,0,nvidia/parakeet-ctc-0.6b,,30,,0.062,,4789.0,12.0,,27.0,,0.002,,,,,2,,input/4m36s.wav,10
2025-12-17 22:13:15.242,chunked,9,nvidia/parakeet-ctc-0.6b,,30,,0.063,,4789.0,3.0,,6.0,,0.002,,,,,8,,input/4m36s.wav,10
2025-12-17 22:13:15.261,chunked,7,nvidia/parakeet-ctc-0.6b,,30,,0.061,,4789.0,3.0,,6.0,,0.002,,,,,5,,input/4m36s.wav,10
2025-12-17 22:13:15.353,chunked,0,nvidia/parakeet-ctc-0.6b,,30,,0.066,,4789.0,3.0,,6.0,,0.002,,,,,3,,input/4m36s.wav,10
2025-12-17 22:13:15.581,chunked,9,nvidia/parakeet-ctc-0.6b,,6.201,,0.056,,4743.0,5.0,,14.0,,0.009,,,,,9,,input/4m36s.wav,10
2025-12-17 22:13:15.582,chunked,9,parakeet-ctc-0.6b,276.2,,10,,0.1,,,1.29,,1.2,,0.017,4.7,58.74,3.4,,nvidia/parakeet-ctc-0.6b,input/4m36s.wav,
2025-12-17 22:13:15.601,chunked,7,nvidia/parakeet-ctc-0.6b,,30,,0.061,,4743.0,5.0,,14.0,,0.002,,,,,6,,input/4m36s.wav,10
2025-12-17 22:13:15.701,chunked,0,nvidia/parakeet-ctc-0.6b,,30,,0.072,,4743.0,5.0,,14.0,,0.002,,,,,4,,input/4m36s.wav,10
2025-12-17 22:13:15.944,chunked,7,nvidia/parakeet-ctc-0.6b,,30,,0.063,,4741.0,7.0,,15.0,,0.002,,,,,7,,input/4m36s.wav,10
2025-12-17 22:13:16.053,chunked,0,nvidia/parakeet-ctc-0.6b,,30,,0.076,,4741.0,5.0,,11.0,,0.003,,,,,5,,input/4m36s.wav,10
2025-12-17 22:13:16.280,chunked,7,nvidia/parakeet-ctc-0.6b,,30,,0.059,,4741.0,5.0,,11.0,,0.002,,,,,8,,input/4m36s.wav,10
2025-12-17 22:13:16.406,chunked,0,nvidia/parakeet-ctc-0.6b,,30,,0.071,,4741.0,7.0,,15.0,,0.002,,,,,6,,input/4m36s.wav,10
2025-12-17 22:13:16.615,chunked,7,nvidia/parakeet-ctc-0.6b,,6.201,,0.057,,4695.0,3.0,,8.0,,0.009,,,,,9,,input/4m36s.wav,10
2025-12-17 22:13:16.616,chunked,7,parakeet-ctc-0.6b,276.2,,10,,0.1,,,1.29,,1.18,,0.017,4.69,58.94,3.4,,nvidia/parakeet-ctc-0.6b,input/4m36s.wav,
2025-12-17 22:13:16.734,chunked,0,nvidia/parakeet-ctc-0.6b,,30,,0.058,,4695.0,3.0,,8.0,,0.002,,,,,7,,input/4m36s.wav,10
2025-12-17 22:13:17.052,chunked,0,nvidia/parakeet-ctc-0.6b,,30,,0.057,,4695.0,0.0,,0.0,,0.002,,,,,8,,input/4m36s.wav,10
2025-12-17 22:13:17.374,chunked,0,nvidia/parakeet-ctc-0.6b,,6.201,,0.056,,4649.0,2.0,,5.0,,0.009,,,,,9,,input/4m36s.wav,10
2025-12-17 22:13:17.375,chunked,0,parakeet-ctc-0.6b,276.2,,10,,0.11,,,1.29,,1.18,,0.017,4.67,59.11,3.38,,nvidia/parakeet-ctc-0.6b,input/4m36s.wav,
2025-12-17 22:13:17.540,chunked,9,nvidia/parakeet-ctc-0.6b,,30,,0.054,,4697.0,2.0,,5.0,,0.002,,,,,0,,input/4m36s.wav,10
2025-12-17 22:13:17.851,chunked,9,nvidia/parakeet-ctc-0.6b,,30,,0.054,,4697.0,0.0,,0.0,,0.002,,,,,1,,input/4m36s.wav,10
2025-12-17 22:13:18.162,chunked,9,nvidia/parakeet-ctc-0.6b,,30,,0.054,,4697.0,5.0,,11.0,,0.002,,,,,2,,input/4m36s.wav,10
2025-12-17 22:13:18.480,chunked,9,nvidia/parakeet-ctc-0.6b,,30,,0.055,,4697.0,0.0,,0.0,,0.002,,,,,3,,input/4m36s.wav,10
2025-12-17 22:13:18.791,chunked,9,nvidia/parakeet-ctc-0.6b,,30,,0.054,,4697.0,3.0,,7.0,,0.002,,,,,4,,input/4m36s.wav,10
2025-12-17 22:13:19.101,chunked,9,nvidia/parakeet-ctc-0.6b,,30,,0.054,,4697.0,2.0,,4.0,,0.002,,,,,5,,input/4m36s.wav,10
2025-12-17 22:13:19.412,chunked,9,nvidia/parakeet-ctc-0.6b,,30,,0.054,,4697.0,0.0,,1.0,,0.002,,,,,6,,input/4m36s.wav,10
2025-12-17 22:13:19.725,chunked,9,nvidia/parakeet-ctc-0.6b,,30,,0.055,,4697.0,5.0,,10.0,,0.002,,,,,7,,input/4m36s.wav,10
2025-12-17 22:13:20.039,chunked,9,nvidia/parakeet-ctc-0.6b,,30,,0.056,,4697.0,0.0,,0.0,,0.002,,,,,8,,input/4m36s.wav,10
2025-12-17 22:13:20.351,chunked,9,nvidia/parakeet-ctc-0.6b,,6.201,,0.053,,4651.0,5.0,,11.0,,0.009,,,,,9,,input/4m36s.wav,10
2025-12-17 22:13:20.352,chunked,9,parakeet-ctc-0.6b,276.2,,10,,0.1,,,1.29,,1.18,,0.016,4.43,62.42,3.14,,nvidia/parakeet-ctc-0.6b,input/4m36s.wav,
